#Created by: Sniffer4DMapper 2.5.09.30,,,,,,,,H2 %,,,,,,,
ProjectName : AL-Flight 45 Organization : ,,,,,,,,0.00042,,,,,,,
Time Stamp,Abs.Alt m,Longitude,Latitude,Temperature ℃,Humidity %,Pressure hPa,,0.00042,Serial No.,,wind_North m/s,wind_East m/s,wind_Speed m/s,wind_Direction degrees,
﻿2025-04-15 08:33:04,0,-98.40640268,28.03821613,16.862745,62.745098,1002.325703,4.2,0.00042,2d403812,,,,,,
﻿2025-04-15 08:33:05,0,-98.40640277,28.03821609,16.862745,62.745098,1002.325703,4.2,0.00042,2d403812,,,,,,
﻿2025-04-15 08:33:06,0,-98.4064026,28.03821622,16.862745,62.745098,1002.325703,4.2,0.00042,2d403812,,,,,,
﻿2025-04-15 08:33:07,0,-98.4064026,28.03821622,16.862745,62.745098,1002.325703,4.2,0.00042,2d403812,,,,,,
﻿2025-04-15 08:33:08,0,-98.40640277,28.03821618,16.862745,62.745098,1002.325703,4.2,0.00042,2d403812,,,,,,
﻿2025-04-15 08:33:09,0,-98.40640277,28.03821622,16.862745,62.745098,1002.325703,4.2,0.00042,2d403812,,,,,,
﻿2025-04-15 08:33:10,0,-98.40640285,28.03821622,16.862745,62.745098,1002.325703,4.2,0.00042,2d403812,,,,,,
﻿2025-04-15 08:33:11,0,-98.40640285,28.03821618,16.862745,62.745098,1002.325703,4.2,0.00042,2d403812,,,,,,
﻿2025-04-15 08:33:12,0,-98.40640293,28.03821622,16.862745,62.745098,1002.325703,4.2,0.00042,2d403812,,,,,,
﻿2025-04-15 08:33:13,0,-98.4064031,28.03821622,16.862745,62.941177,1002.325703,4.2,0.00042,2d403812,,,,,,
﻿2025-04-15 08:33:14,0,-98.40640319,28.03821622,16.862745,62.745098,1002.325703,4.12,0.000412,2d403812,,,,,,
﻿2025-04-15 08:33:15,0,-98.40640327,28.03821618,16.862745,62.745098,1002.325703,4.12,0.000412,2d403812,,,,,,
﻿2025-04-15 08:33:16,0,-98.40640327,28.03821618,16.862745,62.745098,1002.325703,4.12,0.000412,2d403812,,,,,,
﻿2025-04-15 08:33:17,0,-98.40640344,28.03821605,16.862745,62.745098,1002.325703,4.12,0.000412,2d403812,,,,,,
﻿2025-04-15 08:33:18,0,-98.40640352,28.03821597,16.862745,62.745098,1002.325703,4.12,0.000412,2d403812,,,,,,
﻿2025-04-15 08:33:19,0,-98.4064036,28.03821613,16.862745,62.745098,1002.325703,4.12,0.000412,2d403812,,,,,,
﻿2025-04-15 08:33:20,0,-98.40640386,28.03821584,16.862745,62.745098,1002.325703,4.12,0.000412,2d403812,,,,,,
﻿2025-04-15 08:33:21,0,-98.40640377,28.03821576,16.862745,62.941177,1002.325703,4.12,0.000412,2d403812,,,,,,
﻿2025-04-15 08:33:22,0,-98.40640402,28.03821588,16.862745,62.941177,1002.325703,4.12,0.000412,2d403812,,,,,,
﻿2025-04-15 08:33:23,0,-98.40640394,28.03821601,16.862745,62.941177,1002.325703,4.12,0.000412,2d403812,,,,,,
﻿2025-04-15 08:33:24,0.137333,-98.40640495,28.03821689,16.862745,62.941177,1002.276875,4.12,0.000412,2d403812,,,,,,
﻿2025-04-15 08:33:25,2.884,-98.40640587,28.03821676,16.862745,62.745098,1002.179219,4.12,0.000412,2d403812,,,,,,
﻿2025-04-15 08:33:26,7.828,-98.40640629,28.03821567,16.862745,62.745098,1001.788516,4.12,0.000412,2d403812,,,,,,
﻿2025-04-15 08:33:27,12.9093,-98.40640612,28.03821576,16.862745,62.549019,1001.397891,4.12,0.000412,2d403812,,,,,,
﻿2025-04-15 08:33:28,17.8533,-98.4064057,28.03821622,16.862745,62.156864,1000.811875,4.12,0.000412,2d403812,,,,,,
﻿2025-04-15 08:33:29,22.9347,-98.40640545,28.03821701,16.862745,61.960785,1000.47,4.12,0.000412,2d403812,,,,,,
﻿2025-04-15 08:33:30,28.016,-98.40640511,28.03821802,16.862745,61.764706,999.883984,4.12,0.000412,2d403812,,,,,,
﻿2025-04-15 08:33:31,33.2347,-98.40640536,28.03821819,16.862745,61.568626,999.200312,4.12,0.000412,2d403812,,,,,,
﻿2025-04-15 08:33:32,38.4533,-98.4064057,28.03821777,16.862745,61.372547,998.760859,4.12,0.000412,2d403812,,,,,,
﻿2025-04-15 08:33:33,43.3973,-98.40640603,28.03821643,16.862745,61.176472,998.077188,4.12,0.000412,2d403812,,,,,,
﻿2025-04-15 08:33:34,48.3413,-98.4064057,28.03821559,16.862745,60.980392,997.637656,4.12,0.000412,2d403812,,,,,,
﻿2025-04-15 08:33:35,53.2853,-98.40640545,28.03821534,16.862745,60.980392,997.002813,4.12,0.000412,2d403812,,,,,,
﻿2025-04-15 08:33:36,58.3666,-98.40640486,28.03821542,16.862745,60.784313,996.319141,4.12,0.000412,2d403812,,,,,,
﻿2025-04-15 08:33:37,63.3106,-98.40640444,28.03821538,16.862745,60.784313,995.830781,4.12,0.000412,2d403812,,,,,,
﻿2025-04-15 08:33:38,68.2546,-98.40640419,28.03821542,16.862745,60.784313,995.147109,4.12,0.000412,2d403812,,,,,,
﻿2025-04-15 08:33:39,73.1986,-98.40640394,28.03821567,16.862745,60.784313,994.756406,4.12,0.000412,2d403812,,,,,,
﻿2025-04-15 08:33:40,78.1426,-98.40640377,28.03821542,16.862745,60.784313,994.121562,4.12,0.000412,2d403812,,,,,,
﻿2025-04-15 08:33:41,83.3613,-98.40640352,28.0382153,16.862745,60.588234,993.633281,4.12,0.000412,2d403812,,,,,,
﻿2025-04-15 08:33:42,88.3053,-98.4064036,28.03821517,16.862745,60.392159,992.998438,4.12,0.000412,2d403812,,,,,,
﻿2025-04-15 08:33:43,92.7,-98.40640335,28.03821509,16.862745,60.392159,992.363594,4.12,0.000412,2d403812,,,,,,
﻿2025-04-15 08:33:44,93.2493,-98.40640335,28.03821492,16.862745,60.392159,992.070547,4.12,0.000412,2d403812,,,,,,
﻿2025-04-15 08:33:45,90.9146,-98.4064031,28.03821622,16.862745,60.196079,991.875234,4.04,0.000404,2d403812,,,,,,
﻿2025-04-15 08:33:46,90.64,-98.40640159,28.03821685,16.862745,60.196079,991.875234,4.04,0.000404,2d403812,,,,,,
﻿2025-04-15 08:33:47,90.7773,-98.40640193,28.03821597,16.862745,60.196079,991.875234,4.04,0.000404,2d403812,,,,,,
﻿2025-04-15 08:33:48,90.7773,-98.40640268,28.03821521,16.862745,60,991.875234,4.04,0.000404,2d403812,,,,,,
﻿2025-04-15 08:33:49,90.7773,-98.40640319,28.03821492,16.862745,60,991.875234,4.04,0.000404,2d403812,,,,,,
﻿2025-04-15 08:33:50,90.7773,-98.40640319,28.03821488,16.862745,60,991.826406,4.04,0.000404,2d403812,,,,,,
﻿2025-04-15 08:33:51,90.7773,-98.40640335,28.03821488,16.862745,60,991.826406,4.04,0.000404,2d403812,,,,,,
﻿2025-04-15 08:33:52,90.7773,-98.40640352,28.03821504,16.862745,59.803921,991.826406,4.04,0.000404,2d403812,,,,,,
﻿2025-04-15 08:33:53,90.64,-98.4064036,28.03821504,16.862745,59.803921,991.826406,4.04,0.000404,2d403812,,,,,,
﻿2025-04-15 08:33:54,90.7773,-98.40640411,28.03821551,16.862745,59.803921,991.826406,4.04,0.000404,2d403812,,,,,,
﻿2025-04-15 08:33:55,91.3266,-98.40640394,28.03821613,16.862745,59.803921,991.826406,4.04,0.000404,2d403812,,,,,,
﻿2025-04-15 08:33:56,91.464,-98.40640386,28.03821634,16.862745,59.803921,991.826406,4.04,0.000404,2d403812,,,,,,
﻿2025-04-15 08:33:57,91.464,-98.40640478,28.03821584,16.862745,59.803921,991.924062,4.04,0.000404,2d403812,,,,,,
﻿2025-04-15 08:33:58,91.3266,-98.40640603,28.03821572,16.862745,59.803921,991.924062,4.04,0.000404,2d403812,,,,,,
﻿2025-04-15 08:33:59,91.464,-98.40641056,28.03821827,16.862745,59.803921,991.924062,4.04,0.000404,2d403812,,,,,,
﻿2025-04-15 08:34:00,91.464,-98.40643495,28.03823047,16.862745,59.803921,991.924062,4.04,0.000404,2d403812,,,,,,
﻿2025-04-15 08:34:01,91.464,-98.40648985,28.03825624,16.862745,59.411766,991.826406,4.04,0.000404,2d403812,,,,,,
﻿2025-04-15 08:34:02,91.464,-98.40657283,28.03829409,16.862745,59.607841,991.72875,4.04,0.000404,2d403812,,,,,,
﻿2025-04-15 08:34:03,91.3266,-98.40665967,28.03833336,16.862745,59.607841,991.679922,4.04,0.000404,2d403812,,,,,,
﻿2025-04-15 08:34:04,91.3266,-98.40673092,28.03836533,16.862745,59.607841,991.72875,4.04,0.000404,2d403812,,,,,,
﻿2025-04-15 08:34:05,91.1893,-98.40677165,28.03838205,16.666666,59.607841,991.777578,4.04,0.000404,2d403812,,,,,,
﻿2025-04-15 08:34:06,91.1893,-98.40678062,28.03838461,16.666666,59.411766,991.826406,4.04,0.000404,2d403812,,,,,,
﻿2025-04-15 08:34:07,91.464,-98.40677224,28.03837954,16.666666,59.607841,991.777578,4.04,0.000404,2d403812,,,,,,
﻿2025-04-15 08:34:08,91.464,-98.40676361,28.03837485,16.666666,60,991.777578,4.04,0.000404,2d403812,,,,,,
﻿2025-04-15 08:34:09,91.464,-98.40675539,28.03837225,16.666666,59.607841,991.777578,4.04,0.000404,2d403812,,,,,,
﻿2025-04-15 08:34:10,91.464,-98.40673737,28.03836793,16.666666,59.607841,991.777578,4.04,0.000404,2d403812,,,,,,
﻿2025-04-15 08:34:11,91.464,-98.40670066,28.03835884,16.666666,59.607841,991.72875,4.04,0.000404,2d403812,,,,,,
﻿2025-04-15 08:34:12,91.464,-98.4066528,28.03834744,16.666666,59.607841,991.72875,4.04,0.000404,2d403812,,,,,,
﻿2025-04-15 08:34:13,91.464,-98.40659714,28.03833377,16.666666,59.607841,991.631094,4.04,0.000404,2d403812,,,,,,
﻿2025-04-15 08:34:14,91.464,-98.40653453,28.03831772,16.666666,59.803921,991.582188,4.04,0.000404,2d403812,,,,,,
﻿2025-04-15 08:34:15,91.464,-98.40646655,28.03830062,16.666666,60,991.484531,4.04,0.000404,2d403812,,,,,,
﻿2025-04-15 08:34:16,91.464,-98.40639321,28.03828235,16.666666,59.803921,991.484531,3.97,0.000397,2d403812,,,,,,
﻿2025-04-15 08:34:17,91.3266,-98.40631618,28.03826341,16.666666,59.803921,991.484531,3.97,0.000397,2d403812,,,,,,
﻿2025-04-15 08:34:18,91.3266,-98.40623898,28.03824514,16.666666,59.803921,991.484531,3.97,0.000397,2d403812,,,,,,
﻿2025-04-15 08:34:19,91.3266,-98.4061638,28.03822716,16.666666,59.803921,991.533359,3.97,0.000397,2d403812,,,,,,
﻿2025-04-15 08:34:20,91.464,-98.40608853,28.03820847,16.470589,60,991.533359,3.97,0.000397,2d403812,,,,,,
﻿2025-04-15 08:34:21,91.464,-98.4060146,28.03819019,16.470589,60,991.533359,3.97,0.000397,2d403812,,,,,,
﻿2025-04-15 08:34:22,91.3266,-98.40594109,28.03817226,16.470589,60,991.533359,3.97,0.000397,2d403812,,,,,,
﻿2025-04-15 08:34:23,91.3266,-98.40586674,28.03815402,16.470589,60.196079,991.533359,3.97,0.000397,2d403812,,,,,,
﻿2025-04-15 08:34:24,91.464,-98.40579231,28.03813588,16.470589,60.196079,991.484531,3.97,0.000397,2d403812,,,,,,
﻿2025-04-15 08:34:25,91.464,-98.40571796,28.03811748,16.470589,60.196079,991.484531,3.97,0.000397,2d403812,,,,,,
﻿2025-04-15 08:34:26,91.464,-98.4056437,28.03809912,16.470589,60.196079,991.533359,3.97,0.000397,2d403812,,,,,,
﻿2025-04-15 08:34:27,91.464,-98.40556902,28.03808093,16.470589,60.196079,991.533359,3.97,0.000397,2d403812,,,,,,
﻿2025-04-15 08:34:28,91.3266,-98.40549442,28.03806283,16.470589,60.196079,991.582188,3.97,0.000397,2d403812,,,,,,
﻿2025-04-15 08:34:29,91.464,-98.40541999,28.03804452,16.274509,60.196079,991.533359,3.97,0.000397,2d403812,,,,,,
﻿2025-04-15 08:34:30,91.464,-98.40534598,28.03802595,16.274509,60.392159,991.533359,3.97,0.000397,2d403812,,,,,,
﻿2025-04-15 08:34:31,91.3266,-98.40527188,28.03800759,16.274509,60.392159,991.533359,3.97,0.000397,2d403812,,,,,,
﻿2025-04-15 08:34:32,91.3266,-98.40519032,28.03798722,16.274509,60.392159,991.533359,3.97,0.000397,2d403812,,,,,,
﻿2025-04-15 08:34:33,91.464,-98.40511564,28.03796904,16.274509,60.588234,991.533359,3.97,0.000397,2d403812,,,,,,
﻿2025-04-15 08:34:34,91.464,-98.40504096,28.03795076,16.274509,60.588234,991.533359,3.97,0.000397,2d403812,,,,,,
﻿2025-04-15 08:34:35,91.464,-98.40496686,28.03793241,16.274509,60.784313,991.484531,3.97,0.000397,2d403812,,,,,,
﻿2025-04-15 08:34:36,91.464,-98.4048931,28.03791393,16.274509,60.784313,991.484531,3.97,0.000397,2d403812,,,,,,
﻿2025-04-15 08:34:37,91.464,-98.40481901,28.03789557,16.078432,60.784313,991.484531,3.89,0.000389,2d403812,,,,,,
﻿2025-04-15 08:34:38,91.464,-98.40474424,28.03787704,16.078432,60.980392,991.484531,3.89,0.000389,2d403812,,,,,,
﻿2025-04-15 08:34:39,91.464,-98.4046693,28.03785827,16.078432,60.980392,991.484531,3.89,0.000389,2d403812,,,,,,
﻿2025-04-15 08:34:40,91.464,-98.40459462,28.03783949,16.078432,60.980392,991.484531,3.89,0.000389,2d403812,,,,,,
﻿2025-04-15 08:34:41,91.464,-98.40452036,28.03782114,16.078432,61.176472,991.484531,3.89,0.000389,2d403812,,,,,,
﻿2025-04-15 08:34:42,91.3266,-98.40444609,28.03780299,16.078432,61.176472,991.484531,3.89,0.000389,2d403812,,,,,,
﻿2025-04-15 08:34:43,91.464,-98.40437158,28.03778539,16.078432,61.372547,991.533359,3.89,0.000389,2d403812,,,,,,
﻿2025-04-15 08:34:44,91.464,-98.40429715,28.03776737,16.078432,61.372547,991.533359,3.81,0.000381,2d403812,,,,,,
﻿2025-04-15 08:34:45,91.464,-98.40422238,28.03774884,16.078432,61.372547,991.533359,3.81,0.000381,2d403812,,,,,,
﻿2025-04-15 08:34:46,91.464,-98.4041477,28.03773019,16.078432,61.372547,991.533359,3.81,0.000381,2d403812,,,,,,
﻿2025-04-15 08:34:47,91.464,-98.40407385,28.03771188,16.078432,61.372547,991.533359,3.81,0.000381,2d403812,,,,,,
﻿2025-04-15 08:34:48,91.464,-98.40400018,28.03769365,16.078432,61.568626,991.533359,3.81,0.000381,2d403812,,,,,,
﻿2025-04-15 08:34:49,91.464,-98.40392642,28.03767575,16.078432,61.568626,991.533359,3.81,0.000381,2d403812,,,,,,
﻿2025-04-15 08:34:50,91.464,-98.40385232,28.03765773,15.882353,61.568626,991.484531,3.81,0.000381,2d403812,,,,,,
﻿2025-04-15 08:34:51,91.464,-98.40377781,28.03763933,15.882353,61.568626,991.533359,3.81,0.000381,2d403812,,,,,,
﻿2025-04-15 08:34:52,91.464,-98.40370254,28.03762085,15.882353,61.568626,991.533359,3.81,0.000381,2d403812,,,,,,
﻿2025-04-15 08:34:53,91.464,-98.4036276,28.0376027,15.882353,61.764706,991.533359,3.81,0.000381,2d403812,,,,,,
﻿2025-04-15 08:34:54,91.464,-98.40355317,28.03758435,15.882353,61.764706,991.533359,3.81,0.000381,2d403812,,,,,,
﻿2025-04-15 08:34:55,91.464,-98.40347899,28.03756595,15.882353,61.764706,991.533359,3.81,0.000381,2d403812,,,,,,
﻿2025-04-15 08:34:56,91.464,-98.40340456,28.03754738,15.882353,61.960785,991.533359,3.81,0.000381,2d403812,,,,,,
﻿2025-04-15 08:34:57,91.464,-98.40333013,28.03752865,15.882353,61.764706,991.533359,3.81,0.000381,2d403812,,,,,,
﻿2025-04-15 08:34:58,91.464,-98.40325561,28.03751017,15.882353,61.960785,991.533359,3.81,0.000381,2d403812,,,,,,
﻿2025-04-15 08:34:59,91.464,-98.40318127,28.03749185,15.882353,62.156864,991.582188,3.81,0.000381,2d403812,,,,,,
﻿2025-04-15 08:35:00,91.464,-98.40310683,28.03747375,15.882353,62.156864,991.582188,3.74,0.000374,2d403812,,,,,,
﻿2025-04-15 08:35:01,91.464,-98.4030324,28.03745564,15.882353,62.156864,991.582188,3.74,0.000374,2d403812,,,,,,
﻿2025-04-15 08:35:02,91.464,-98.40295789,28.03743754,15.686275,62.156864,991.582188,3.74,0.000374,2d403812,,,,,,
﻿2025-04-15 08:35:03,91.464,-98.40288354,28.03741927,15.686275,62.156864,991.582188,3.74,0.000374,2d403812,,,,,,
﻿2025-04-15 08:35:04,91.464,-98.40280978,28.03740083,15.686275,62.156864,991.582188,3.74,0.000374,2d403812,,,,,,
﻿2025-04-15 08:35:05,91.464,-98.40273593,28.03738251,15.686275,62.156864,991.533359,3.74,0.000374,2d403812,,,,,,
﻿2025-04-15 08:35:06,91.464,-98.40266192,28.03736407,15.686275,61.960785,991.533359,3.74,0.000374,2d403812,,,,,,
﻿2025-04-15 08:35:07,91.464,-98.4025869,28.03734525,15.686275,62.35294,991.533359,3.66,0.000366,2d403812,,,,,,
﻿2025-04-15 08:35:08,91.464,-98.4025134,28.03732715,15.686275,62.156864,991.533359,3.66,0.000366,2d403812,,,,,,
﻿2025-04-15 08:35:09,91.464,-98.40243838,28.03730913,15.686275,62.549019,991.533359,3.66,0.000366,2d403812,,,,,,
﻿2025-04-15 08:35:10,91.464,-98.40236336,28.03729077,15.686275,62.549019,991.582188,3.66,0.000366,2d403812,,,,,,
﻿2025-04-15 08:35:11,91.464,-98.40228817,28.03727225,15.686275,62.549019,991.582188,3.66,0.000366,2d403812,,,,,,
﻿2025-04-15 08:35:12,91.464,-98.40221357,28.03725402,15.686275,62.745098,991.582188,3.66,0.000366,2d403812,,,,,,
﻿2025-04-15 08:35:13,91.464,-98.40213914,28.03723612,15.490196,63.137257,991.582188,3.66,0.000366,2d403812,,,,,,
﻿2025-04-15 08:35:14,91.464,-98.40206463,28.03721781,15.490196,62.745098,991.631094,3.66,0.000366,2d403812,,,,,,
﻿2025-04-15 08:35:15,91.464,-98.40199053,28.03719907,15.490196,62.745098,991.582188,3.66,0.000366,2d403812,,,,,,
﻿2025-04-15 08:35:16,91.464,-98.40191711,28.03718034,15.490196,62.941177,991.582188,3.66,0.000366,2d403812,,,,,,
﻿2025-04-15 08:35:17,91.464,-98.40184335,28.03716169,15.490196,62.941177,991.582188,3.66,0.000366,2d403812,,,,,,
﻿2025-04-15 08:35:18,91.464,-98.40176933,28.03714308,15.490196,62.941177,991.533359,3.66,0.000366,2d403812,,,,,,
﻿2025-04-15 08:35:19,91.464,-98.40169524,28.03712431,15.490196,63.137257,991.533359,3.66,0.000366,2d403812,,,,,,
﻿2025-04-15 08:35:20,91.464,-98.40162106,28.03710578,15.490196,63.137257,991.533359,3.66,0.000366,2d403812,,,,,,
﻿2025-04-15 08:35:21,91.464,-98.40154621,28.03708768,15.490196,63.137257,991.533359,3.66,0.000366,2d403812,,,,,,
﻿2025-04-15 08:35:22,91.3266,-98.40147069,28.03706987,15.490196,63.333332,991.582188,3.66,0.000366,2d403812,,,,,,
﻿2025-04-15 08:35:23,91.464,-98.40139609,28.03705206,15.490196,63.333332,991.582188,3.59,0.000359,2d403812,,,,,,
﻿2025-04-15 08:35:24,91.464,-98.40132199,28.03703341,15.490196,63.529411,991.533359,3.59,0.000359,2d403812,,,,,,
﻿2025-04-15 08:35:25,91.464,-98.40124764,28.03701505,15.490196,63.333332,991.582188,3.59,0.000359,2d403812,,,,,,
﻿2025-04-15 08:35:26,91.464,-98.40117279,28.0369969,15.490196,63.333332,991.582188,3.59,0.000359,2d403812,,,,,,
﻿2025-04-15 08:35:27,91.464,-98.40109811,28.03697855,15.490196,63.529411,991.582188,3.59,0.000359,2d403812,,,,,,
﻿2025-04-15 08:35:28,91.3266,-98.40102418,28.0369604,15.294118,63.529411,991.582188,3.59,0.000359,2d403812,,,,,,
﻿2025-04-15 08:35:29,91.3266,-98.40095017,28.03694188,15.294118,63.529411,991.533359,3.59,0.000359,2d403812,,,,,,
﻿2025-04-15 08:35:30,91.464,-98.40087582,28.03692344,15.294118,63.725491,991.533359,3.59,0.000359,2d403812,,,,,,
﻿2025-04-15 08:35:31,91.464,-98.40080122,28.03690491,15.294118,63.725491,991.582188,3.51,0.000351,2d403812,,,,,,
﻿2025-04-15 08:35:32,91.464,-98.40072621,28.03688639,15.294118,63.725491,991.582188,3.51,0.000351,2d403812,,,,,,
﻿2025-04-15 08:35:33,91.464,-98.40065102,28.03686778,15.294118,63.529411,991.582188,3.51,0.000351,2d403812,,,,,,
﻿2025-04-15 08:35:34,91.3266,-98.40057768,28.0368498,15.294118,63.92157,991.582188,3.51,0.000351,2d403812,,,,,,
﻿2025-04-15 08:35:35,91.3266,-98.4005035,28.03683161,15.294118,63.92157,991.582188,3.51,0.000351,2d403812,,,,,,
﻿2025-04-15 08:35:36,91.3266,-98.40042957,28.03681367,15.294118,63.92157,991.533359,3.51,0.000351,2d403812,,,,,,
﻿2025-04-15 08:35:37,91.464,-98.40035539,28.0367954,15.294118,63.725491,991.533359,3.51,0.000351,2d403812,,,,,,
﻿2025-04-15 08:35:38,91.464,-98.40028088,28.03677713,15.294118,63.725491,991.533359,3.51,0.000351,2d403812,,,,,,
﻿2025-04-15 08:35:39,91.464,-98.4002067,28.03675877,15.294118,63.725491,991.533359,3.51,0.000351,2d403812,,,,,,
﻿2025-04-15 08:35:40,91.464,-98.4001326,28.03674075,15.294118,63.725491,991.533359,3.51,0.000351,2d403812,,,,,,
﻿2025-04-15 08:35:41,91.464,-98.40005825,28.03672206,15.294118,63.92157,991.533359,3.43,0.000343,2d403812,,,,,,
﻿2025-04-15 08:35:42,91.464,-98.3999834,28.03670362,15.09804,63.92157,991.533359,3.43,0.000343,2d403812,,,,,,
﻿2025-04-15 08:35:43,91.464,-98.3999078,28.03668531,15.09804,63.92157,991.582188,3.43,0.000343,2d403812,,,,,,
﻿2025-04-15 08:35:44,91.464,-98.39983295,28.03666682,15.09804,64.117645,991.582188,3.43,0.000343,2d403812,,,,,,
﻿2025-04-15 08:35:45,91.464,-98.39975868,28.03664813,15.09804,64.117645,991.582188,3.43,0.000343,2d403812,,,,,,
﻿2025-04-15 08:35:46,91.464,-98.39968375,28.03662948,15.09804,64.313728,991.582188,3.43,0.000343,2d403812,,,,,,
﻿2025-04-15 08:35:47,91.464,-98.39961041,28.03661154,15.09804,64.313728,991.582188,3.43,0.000343,2d403812,,,,,,
﻿2025-04-15 08:35:48,91.464,-98.39953623,28.03659336,15.09804,64.313728,991.582188,3.43,0.000343,2d403812,,,,,,
﻿2025-04-15 08:35:49,91.464,-98.39946154,28.036575,15.09804,64.509804,991.533359,3.43,0.000343,2d403812,,,,,,
﻿2025-04-15 08:35:50,91.464,-98.39938728,28.03655635,15.09804,64.509804,991.533359,3.43,0.000343,2d403812,,,,,,
﻿2025-04-15 08:35:51,91.464,-98.39931318,28.03653804,15.09804,64.705879,991.533359,3.43,0.000343,2d403812,,,,,,
﻿2025-04-15 08:35:52,91.464,-98.399239,28.0365201,15.09804,64.705879,991.533359,3.43,0.000343,2d403812,,,,,,
﻿2025-04-15 08:35:53,91.3266,-98.39916499,28.03650149,15.09804,64.705879,991.533359,3.43,0.000343,2d403812,,,,,,
﻿2025-04-15 08:35:54,91.464,-98.3990909,28.03648313,15.09804,64.705879,991.533359,3.43,0.000343,2d403812,,,,,,
﻿2025-04-15 08:35:55,91.464,-98.39901621,28.03646482,15.09804,64.705879,991.533359,3.43,0.000343,2d403812,,,,,,
﻿2025-04-15 08:35:56,91.464,-98.39894136,28.03644659,15.09804,64.901962,991.533359,3.43,0.000343,2d403812,,,,,,
﻿2025-04-15 08:35:57,91.464,-98.39886693,28.03642811,15.09804,64.901962,991.582188,3.43,0.000343,2d403812,,,,,,
﻿2025-04-15 08:35:58,91.464,-98.3987925,28.03640946,15.09804,64.901962,991.582188,3.43,0.000343,2d403812,,,,,,
﻿2025-04-15 08:35:59,91.3266,-98.39871799,28.03639081,15.09804,64.901962,991.582188,3.43,0.000343,2d403812,,,,,,
﻿2025-04-15 08:36:00,91.464,-98.39864481,28.03637241,15.09804,64.901962,991.533359,3.43,0.000343,2d403812,,,,,,
﻿2025-04-15 08:36:01,91.464,-98.39857113,28.0363533,14.90196,64.901962,991.533359,3.43,0.000343,2d403812,,,,,,
﻿2025-04-15 08:36:02,91.464,-98.39849654,28.03633377,14.90196,65.098038,991.533359,3.43,0.000343,2d403812,,,,,,
﻿2025-04-15 08:36:03,91.464,-98.39842261,28.03631504,14.90196,65.098038,991.533359,3.43,0.000343,2d403812,,,,,,
﻿2025-04-15 08:36:04,91.464,-98.39834776,28.03629643,14.90196,65.098038,991.533359,3.43,0.000343,2d403812,,,,,,
﻿2025-04-15 08:36:05,91.464,-98.39827274,28.03627807,14.90196,65.098038,991.533359,3.43,0.000343,2d403812,,,,,,
﻿2025-04-15 08:36:06,91.464,-98.3981973,28.03625909,14.90196,65.098038,991.533359,3.43,0.000343,2d403812,,,,,,
﻿2025-04-15 08:36:07,91.464,-98.3981227,28.03624014,14.90196,65.294121,991.582188,3.43,0.000343,2d403812,,,,,,
﻿2025-04-15 08:36:08,91.464,-98.39804936,28.03622153,14.90196,65.294121,991.582188,3.36,0.000336,2d403812,,,,,,
﻿2025-04-15 08:36:09,91.464,-98.39797518,28.0362028,14.90196,65.294121,991.582188,3.36,0.000336,2d403812,,,,,,
﻿2025-04-15 08:36:10,91.464,-98.39790041,28.03618445,14.90196,65.490196,991.582188,3.36,0.000336,2d403812,,,,,,
﻿2025-04-15 08:36:11,91.464,-98.39782691,28.03616596,14.90196,65.490196,991.631094,3.36,0.000336,2d403812,,,,,,
﻿2025-04-15 08:36:12,91.464,-98.39775264,28.03614723,14.90196,65.490196,991.582188,3.36,0.000336,2d403812,,,,,,
﻿2025-04-15 08:36:13,91.464,-98.3976798,28.03612862,14.90196,65.294121,991.582188,3.36,0.000336,2d403812,,,,,,
﻿2025-04-15 08:36:14,91.464,-98.39760512,28.03610993,14.90196,65.294121,991.582188,3.36,0.000336,2d403812,,,,,,
﻿2025-04-15 08:36:15,91.464,-98.39753128,28.0360912,14.90196,65.294121,991.582188,3.36,0.000336,2d403812,,,,,,
﻿2025-04-15 08:36:16,91.464,-98.39745676,28.03607225,14.90196,65.294121,991.582188,3.36,0.000336,2d403812,,,,,,
﻿2025-04-15 08:36:17,91.464,-98.39738216,28.03605323,14.90196,65.294121,991.582188,3.36,0.000336,2d403812,,,,,,
﻿2025-04-15 08:36:18,91.464,-98.3973074,28.03603416,14.90196,65.294121,991.582188,3.36,0.000336,2d403812,,,,,,
﻿2025-04-15 08:36:19,91.464,-98.39723389,28.03601551,14.705882,65.294121,991.582188,3.36,0.000336,2d403812,,,,,,
﻿2025-04-15 08:36:20,91.464,-98.39715937,28.0359964,14.705882,65.490196,991.582188,3.36,0.000336,2d403812,,,,,,
﻿2025-04-15 08:36:21,91.464,-98.39708494,28.03597745,14.705882,65.490196,991.582188,3.36,0.000336,2d403812,,,,,,
﻿2025-04-15 08:36:22,91.464,-98.39701093,28.03595872,14.705882,65.490196,991.582188,3.36,0.000336,2d403812,,,,,,
﻿2025-04-15 08:36:23,91.464,-98.39693641,28.03593961,14.705882,65.686272,991.582188,3.28,0.000328,2d403812,,,,,,
﻿2025-04-15 08:36:24,91.464,-98.39686341,28.03592071,14.705882,65.686272,991.582188,3.28,0.000328,2d403812,,,,,,
﻿2025-04-15 08:36:25,91.464,-98.39678847,28.0359016,14.705882,65.882355,991.533359,3.28,0.000328,2d403812,,,,,,
﻿2025-04-15 08:36:26,91.464,-98.39671429,28.03588265,14.705882,66.07843,991.533359,3.28,0.000328,2d403812,,,,,,
﻿2025-04-15 08:36:27,91.464,-98.39663961,28.03586396,14.705882,66.07843,991.582188,3.28,0.000328,2d403812,,,,,,
﻿2025-04-15 08:36:28,91.464,-98.39656476,28.03584485,14.705882,66.07843,991.582188,3.28,0.000328,2d403812,,,,,,
﻿2025-04-15 08:36:29,91.464,-98.396491,28.03582654,14.705882,66.07843,991.582188,3.28,0.000328,2d403812,,,,,,
﻿2025-04-15 08:36:30,91.464,-98.39641665,28.03580793,14.705882,66.274513,991.582188,3.28,0.000328,2d403812,,,,,,
﻿2025-04-15 08:36:31,91.464,-98.39634281,28.03578907,14.705882,66.274513,991.582188,3.28,0.000328,2d403812,,,,,,
﻿2025-04-15 08:36:32,91.464,-98.39626863,28.03577038,14.705882,66.274513,991.582188,3.28,0.000328,2d403812,,,,,,
﻿2025-04-15 08:36:33,91.464,-98.39619487,28.0357519,14.705882,66.470589,991.582188,3.2,0.00032,2d403812,,,,,,
﻿2025-04-15 08:36:34,91.464,-98.39612043,28.035733,14.705882,66.274513,991.582188,3.2,0.00032,2d403812,,,,,,
﻿2025-04-15 08:36:35,91.464,-98.39604575,28.03571363,14.705882,66.274513,991.582188,3.2,0.00032,2d403812,,,,,,
﻿2025-04-15 08:36:36,91.464,-98.39597207,28.03569486,14.705882,66.274513,991.582188,3.2,0.00032,2d403812,,,,,,
﻿2025-04-15 08:36:37,91.464,-98.39589756,28.03567621,14.705882,66.274513,991.582188,3.2,0.00032,2d403812,,,,,,
﻿2025-04-15 08:36:38,91.464,-98.39582212,28.03565785,14.705882,66.274513,991.631094,3.2,0.00032,2d403812,,,,,,
﻿2025-04-15 08:36:39,91.464,-98.39574828,28.03563916,14.705882,66.274513,991.631094,3.2,0.00032,2d403812,,,,,,
﻿2025-04-15 08:36:40,91.464,-98.39567393,28.03561967,14.705882,66.274513,991.631094,3.2,0.00032,2d403812,,,,,,
﻿2025-04-15 08:36:41,91.464,-98.39559992,28.03560035,14.705882,66.470589,991.631094,3.2,0.00032,2d403812,,,,,,
﻿2025-04-15 08:36:42,91.464,-98.39552591,28.03558141,14.705882,66.470589,991.582188,3.2,0.00032,2d403812,,,,,,
﻿2025-04-15 08:36:43,91.464,-98.39545248,28.03556251,14.705882,66.470589,991.582188,3.2,0.00032,2d403812,,,,,,
﻿2025-04-15 08:36:44,91.464,-98.3953783,28.03554377,14.705882,66.470589,991.582188,3.2,0.00032,2d403812,,,,,,
﻿2025-04-15 08:36:45,91.464,-98.39530387,28.03552525,14.705882,66.470589,991.582188,3.2,0.00032,2d403812,,,,,,
﻿2025-04-15 08:36:46,91.464,-98.39522952,28.03550618,14.705882,66.470589,991.582188,3.13,0.000313,2d403812,,,,,,
﻿2025-04-15 08:36:47,91.464,-98.39515509,28.03548741,14.705882,66.470589,991.582188,3.13,0.000313,2d403812,,,,,,
﻿2025-04-15 08:36:48,91.464,-98.39508133,28.03546859,14.705882,66.470589,991.533359,3.13,0.000313,2d403812,,,,,,
﻿2025-04-15 08:36:49,91.464,-98.39500631,28.03544935,14.705882,66.470589,991.582188,3.13,0.000313,2d403812,,,,,,
﻿2025-04-15 08:36:50,91.464,-98.39493272,28.03543079,14.705882,66.470589,991.582188,3.13,0.000313,2d403812,,,,,,
﻿2025-04-15 08:36:51,91.464,-98.39485812,28.03541214,14.509804,66.470589,991.582188,3.13,0.000313,2d403812,,,,,,
﻿2025-04-15 08:36:52,91.464,-98.39478352,28.03539311,14.509804,66.470589,991.582188,3.13,0.000313,2d403812,,,,,,
﻿2025-04-15 08:36:53,91.464,-98.39470892,28.03537392,14.509804,66.470589,991.582188,3.13,0.000313,2d403812,,,,,,
﻿2025-04-15 08:36:54,91.464,-98.39463382,28.03535506,14.509804,66.470589,991.582188,3.13,0.000313,2d403812,,,,,,
﻿2025-04-15 08:36:55,91.464,-98.39456048,28.03533687,14.509804,66.666664,991.582188,3.13,0.000313,2d403812,,,,,,
﻿2025-04-15 08:36:56,91.464,-98.39448588,28.03531805,14.509804,66.666664,991.631094,3.13,0.000313,2d403812,,,,,,
﻿2025-04-15 08:36:57,91.464,-98.39441229,28.03529927,14.509804,66.470589,991.631094,3.13,0.000313,2d403812,,,,,,
﻿2025-04-15 08:36:58,91.464,-98.39433718,28.03528016,14.509804,66.470589,991.631094,3.13,0.000313,2d403812,,,,,,
﻿2025-04-15 08:36:59,91.464,-98.39426384,28.03526168,14.509804,66.470589,991.631094,3.13,0.000313,2d403812,,,,,,
﻿2025-04-15 08:37:00,91.464,-98.39418874,28.03524261,14.509804,66.470589,991.631094,3.05,0.000305,2d403812,,,,,,
﻿2025-04-15 08:37:01,91.464,-98.39411532,28.03522388,14.509804,66.666664,991.631094,3.05,0.000305,2d403812,,,,,,
﻿2025-04-15 08:37:02,91.464,-98.39404164,28.03520502,14.509804,66.470589,991.582188,3.05,0.000305,2d403812,,,,,,
﻿2025-04-15 08:37:03,91.464,-98.3939683,28.03518608,14.509804,66.470589,991.582188,3.05,0.000305,2d403812,,,,,,
﻿2025-04-15 08:37:04,91.464,-98.39389387,28.03516726,14.509804,66.470589,991.533359,3.05,0.000305,2d403812,,,,,,
﻿2025-04-15 08:37:05,91.464,-98.39382019,28.03514857,14.509804,66.470589,991.582188,3.05,0.000305,2d403812,,,,,,
﻿2025-04-15 08:37:06,91.464,-98.39374492,28.03512967,14.509804,66.470589,991.582188,3.05,0.000305,2d403812,,,,,,
﻿2025-04-15 08:37:07,91.464,-98.39367057,28.03511093,14.509804,66.470589,991.582188,3.05,0.000305,2d403812,,,,,,
﻿2025-04-15 08:37:08,91.464,-98.39359471,28.03509186,14.509804,66.666664,991.631094,3.05,0.000305,2d403812,,,,,,
﻿2025-04-15 08:37:09,91.464,-98.39352095,28.03507321,14.509804,66.666664,991.631094,3.05,0.000305,2d403812,,,,,,
﻿2025-04-15 08:37:10,91.464,-98.39344703,28.03505423,14.509804,66.666664,991.631094,3.05,0.000305,2d403812,,,,,,
﻿2025-04-15 08:37:11,91.464,-98.39337301,28.03503571,14.509804,66.666664,991.631094,3.05,0.000305,2d403812,,,,,,
﻿2025-04-15 08:37:12,91.464,-98.39329925,28.03501743,14.509804,66.862747,991.631094,3.05,0.000305,2d403812,,,,,,
﻿2025-04-15 08:37:13,91.464,-98.39322491,28.03499857,14.509804,66.862747,991.631094,3.05,0.000305,2d403812,,,,,,
﻿2025-04-15 08:37:14,91.464,-98.39314964,28.03497946,14.509804,66.862747,991.631094,3.05,0.000305,2d403812,,,,,,
﻿2025-04-15 08:37:15,91.464,-98.39307646,28.03496065,14.509804,66.862747,991.631094,3.05,0.000305,2d403812,,,,,,
﻿2025-04-15 08:37:16,91.464,-98.39300237,28.03494153,14.509804,66.862747,991.582188,3.05,0.000305,2d403812,,,,,,
﻿2025-04-15 08:37:17,91.464,-98.39292743,28.03492213,14.509804,67.058823,991.582188,2.98,0.000298,2d403812,,,,,,
﻿2025-04-15 08:37:18,91.464,-98.39285392,28.03490327,14.509804,67.058823,991.631094,2.98,0.000298,2d403812,,,,,,
﻿2025-04-15 08:37:19,91.464,-98.39277932,28.03488433,14.509804,67.254906,991.631094,2.98,0.000298,2d403812,,,,,,
﻿2025-04-15 08:37:20,91.464,-98.39270439,28.03486551,14.509804,67.058823,991.631094,2.98,0.000298,2d403812,,,,,,
﻿2025-04-15 08:37:21,91.464,-98.39263029,28.0348472,14.509804,67.254906,991.631094,2.98,0.000298,2d403812,,,,,,
﻿2025-04-15 08:37:22,91.464,-98.39255636,28.03482888,14.509804,67.450981,991.631094,2.98,0.000298,2d403812,,,,,,
﻿2025-04-15 08:37:23,91.464,-98.39248218,28.03481011,14.509804,67.254906,991.631094,2.98,0.000298,2d403812,,,,,,
﻿2025-04-15 08:37:24,91.464,-98.39240868,28.03479095,14.509804,67.254906,991.582188,2.98,0.000298,2d403812,,,,,,
﻿2025-04-15 08:37:25,91.464,-98.39233491,28.03477243,14.313725,67.254906,991.582188,2.98,0.000298,2d403812,,,,,,
﻿2025-04-15 08:37:26,91.464,-98.39226048,28.03475391,14.313725,67.058823,991.582188,2.98,0.000298,2d403812,,,,,,
﻿2025-04-15 08:37:27,91.464,-98.39218513,28.03473488,14.313725,67.058823,991.582188,2.98,0.000298,2d403812,,,,,,
﻿2025-04-15 08:37:28,91.464,-98.39211179,28.03471615,14.313725,66.862747,991.582188,2.98,0.000298,2d403812,,,,,,
﻿2025-04-15 08:37:29,91.464,-98.39203702,28.03469741,14.313725,66.862747,991.582188,2.98,0.000298,2d403812,,,,,,
﻿2025-04-15 08:37:30,91.464,-98.39196142,28.03467868,14.313725,67.058823,991.582188,2.98,0.000298,2d403812,,,,,,
﻿2025-04-15 08:37:31,91.464,-98.39188791,28.0346602,14.313725,67.058823,991.582188,2.98,0.000298,2d403812,,,,,,
﻿2025-04-15 08:37:32,91.464,-98.39181373,28.03464171,14.313725,67.450981,991.582188,2.98,0.000298,2d403812,,,,,,
﻿2025-04-15 08:37:33,91.464,-98.3917398,28.03462302,14.313725,67.254906,991.582188,2.9,0.00029,2d403812,,,,,,
﻿2025-04-15 08:37:34,91.464,-98.39166537,28.03460412,14.313725,67.254906,991.582188,2.9,0.00029,2d403812,,,,,,
﻿2025-04-15 08:37:35,91.464,-98.39159043,28.03458526,14.313725,67.254906,991.582188,2.9,0.00029,2d403812,,,,,,
﻿2025-04-15 08:37:36,91.464,-98.39151659,28.03456661,14.313725,67.450981,991.631094,2.9,0.00029,2d403812,,,,,,
﻿2025-04-15 08:37:37,91.464,-98.39144291,28.03454805,14.313725,67.450981,991.631094,2.9,0.00029,2d403812,,,,,,
﻿2025-04-15 08:37:38,91.464,-98.39136857,28.03452931,14.313725,67.450981,991.631094,2.9,0.00029,2d403812,,,,,,
﻿2025-04-15 08:37:39,91.464,-98.39129388,28.03451066,14.313725,67.450981,991.631094,2.9,0.00029,2d403812,,,,,,
﻿2025-04-15 08:37:40,91.464,-98.3912197,28.03449201,14.313725,67.450981,991.631094,2.9,0.00029,2d403812,,,,,,
﻿2025-04-15 08:37:41,91.464,-98.39114619,28.03447311,14.313725,67.254906,991.631094,2.9,0.00029,2d403812,,,,,,
﻿2025-04-15 08:37:42,91.464,-98.39107092,28.034454,14.313725,67.254906,991.631094,2.9,0.00029,2d403812,,,,,,
﻿2025-04-15 08:37:43,91.464,-98.39099624,28.03443523,14.313725,67.254906,991.631094,2.9,0.00029,2d403812,,,,,,
﻿2025-04-15 08:37:44,91.464,-98.39092248,28.03441632,14.313725,67.254906,991.631094,2.9,0.00029,2d403812,,,,,,
﻿2025-04-15 08:37:45,91.464,-98.39084771,28.03439688,14.313725,67.450981,991.631094,2.9,0.00029,2d403812,,,,,,
﻿2025-04-15 08:37:46,91.464,-98.39077328,28.03437773,14.313725,67.647057,991.679922,2.9,0.00029,2d403812,,,,,,
﻿2025-04-15 08:37:47,91.464,-98.39069835,28.03435891,14.313725,67.647057,991.679922,2.82,0.000282,2d403812,,,,,,
﻿2025-04-15 08:37:48,91.464,-98.39062467,28.03434059,14.313725,67.84314,991.679922,2.82,0.000282,2d403812,,,,,,
﻿2025-04-15 08:37:49,91.464,-98.39055007,28.03432194,14.313725,67.84314,991.679922,2.82,0.000282,2d403812,,,,,,
﻿2025-04-15 08:37:50,91.464,-98.39047581,28.03430317,14.313725,67.84314,991.679922,2.82,0.000282,2d403812,,,,,,
﻿2025-04-15 08:37:51,91.464,-98.39040196,28.03428431,14.313725,68.039215,991.679922,2.82,0.000282,2d403812,,,,,,
﻿2025-04-15 08:37:52,91.464,-98.39032854,28.03426545,14.313725,68.039215,991.631094,2.82,0.000282,2d403812,,,,,,
﻿2025-04-15 08:37:53,91.464,-98.39025394,28.03424638,14.313725,68.039215,991.631094,2.82,0.000282,2d403812,,,,,,
﻿2025-04-15 08:37:54,91.464,-98.39018077,28.0342279,14.313725,68.039215,991.631094,2.82,0.000282,2d403812,,,,,,
﻿2025-04-15 08:37:55,91.464,-98.39010659,28.03420946,14.313725,68.039215,991.631094,2.82,0.000282,2d403812,,,,,,
﻿2025-04-15 08:37:56,91.464,-98.3900319,28.03419089,14.313725,68.039215,991.631094,2.82,0.000282,2d403812,,,,,,
﻿2025-04-15 08:37:57,91.464,-98.38995806,28.03417249,14.313725,68.039215,991.679922,2.82,0.000282,2d403812,,,,,,
﻿2025-04-15 08:37:58,91.464,-98.38988254,28.03415359,14.313725,68.039215,991.679922,2.82,0.000282,2d403812,,,,,,
﻿2025-04-15 08:37:59,91.464,-98.38980861,28.03413532,14.313725,68.039215,991.679922,2.82,0.000282,2d403812,,,,,,
﻿2025-04-15 08:38:00,91.464,-98.38973359,28.03411642,14.313725,68.039215,991.679922,2.82,0.000282,2d403812,,,,,,
﻿2025-04-15 08:38:01,91.464,-98.38966033,28.03409739,14.313725,68.039215,991.679922,2.82,0.000282,2d403812,,,,,,
﻿2025-04-15 08:38:02,91.464,-98.3895859,28.03407832,14.313725,68.039215,991.679922,2.82,0.000282,2d403812,,,,,,
﻿2025-04-15 08:38:03,91.464,-98.38951055,28.03405909,14.313725,68.039215,991.679922,2.82,0.000282,2d403812,,,,,,
﻿2025-04-15 08:38:04,91.464,-98.3894367,28.03404044,14.313725,68.039215,991.679922,2.82,0.000282,2d403812,,,,,,
﻿2025-04-15 08:38:05,91.464,-98.38936236,28.03402175,14.313725,67.84314,991.679922,2.82,0.000282,2d403812,,,,,,
﻿2025-04-15 08:38:06,91.464,-98.38928809,28.03400297,14.313725,68.039215,991.679922,2.82,0.000282,2d403812,,,,,,
﻿2025-04-15 08:38:07,91.464,-98.389214,28.03398407,14.313725,68.039215,991.679922,2.82,0.000282,2d403812,,,,,,
﻿2025-04-15 08:38:08,91.464,-98.38913906,28.03396525,14.313725,68.039215,991.679922,2.82,0.000282,2d403812,,,,,,
﻿2025-04-15 08:38:09,91.464,-98.38906547,28.03394635,14.313725,68.039215,991.679922,2.82,0.000282,2d403812,,,,,,
﻿2025-04-15 08:38:10,91.464,-98.38899188,28.03392745,14.313725,68.039215,991.679922,2.82,0.000282,2d403812,,,,,,
﻿2025-04-15 08:38:11,91.464,-98.38891778,28.03390863,14.313725,68.039215,991.679922,2.82,0.000282,2d403812,,,,,,
﻿2025-04-15 08:38:12,91.464,-98.38884368,28.03389007,14.313725,68.235291,991.679922,2.82,0.000282,2d403812,,,,,,
﻿2025-04-15 08:38:13,91.464,-98.38876967,28.03387138,14.313725,68.235291,991.631094,2.82,0.000282,2d403812,,,,,,
﻿2025-04-15 08:38:14,91.464,-98.38869491,28.03385243,14.313725,68.235291,991.631094,2.82,0.000282,2d403812,,,,,,
﻿2025-04-15 08:38:15,91.464,-98.38862131,28.03383403,14.313725,68.431374,991.679922,2.82,0.000282,2d403812,,,,,,
﻿2025-04-15 08:38:16,91.464,-98.38854722,28.03381517,14.313725,68.431374,991.631094,2.82,0.000282,2d403812,,,,,,
﻿2025-04-15 08:38:17,91.464,-98.38847304,28.03379636,14.313725,68.627449,991.679922,2.82,0.000282,2d403812,,,,,,
﻿2025-04-15 08:38:18,91.464,-98.38839869,28.03377813,14.313725,68.431374,991.679922,2.82,0.000282,2d403812,,,,,,
﻿2025-04-15 08:38:19,91.464,-98.38832426,28.03375973,14.313725,68.235291,991.679922,2.82,0.000282,2d403812,,,,,,
﻿2025-04-15 08:38:20,91.464,-98.38824932,28.03374104,14.313725,68.431374,991.679922,2.75,0.000275,2d403812,,,,,,
﻿2025-04-15 08:38:21,91.464,-98.38817447,28.03372226,14.313725,68.431374,991.679922,2.75,0.000275,2d403812,,,,,,
﻿2025-04-15 08:38:22,91.464,-98.38809996,28.03370344,14.313725,68.431374,991.72875,2.75,0.000275,2d403812,,,,,,
﻿2025-04-15 08:38:23,91.464,-98.38802578,28.03368442,14.313725,68.431374,991.679922,2.75,0.000275,2d403812,,,,,,
﻿2025-04-15 08:38:24,91.464,-98.3879521,28.03366543,14.313725,68.431374,991.679922,2.75,0.000275,2d403812,,,,,,
﻿2025-04-15 08:38:25,91.464,-98.38787834,28.03364661,14.313725,68.431374,991.679922,2.75,0.000275,2d403812,,,,,,
﻿2025-04-15 08:38:26,91.464,-98.38780408,28.03362776,14.313725,68.431374,991.679922,2.75,0.000275,2d403812,,,,,,
﻿2025-04-15 08:38:27,91.464,-98.38772931,28.03360869,14.313725,68.431374,991.679922,2.75,0.000275,2d403812,,,,,,
﻿2025-04-15 08:38:28,91.464,-98.38765597,28.03359029,14.313725,68.431374,991.679922,2.75,0.000275,2d403812,,,,,,
﻿2025-04-15 08:38:29,91.464,-98.38758196,28.03357143,14.117647,68.431374,991.679922,2.75,0.000275,2d403812,,,,,,
﻿2025-04-15 08:38:30,91.464,-98.38750769,28.03355278,14.117647,68.431374,991.679922,2.75,0.000275,2d403812,,,,,,
﻿2025-04-15 08:38:31,91.464,-98.3874336,28.03353379,14.117647,68.431374,991.679922,2.75,0.000275,2d403812,,,,,,
﻿2025-04-15 08:38:32,91.464,-98.38735933,28.03351519,14.117647,68.431374,991.679922,2.75,0.000275,2d403812,,,,,,
﻿2025-04-15 08:38:33,91.464,-98.38728507,28.03349683,14.117647,68.235291,991.679922,2.75,0.000275,2d403812,,,,,,
﻿2025-04-15 08:38:34,91.464,-98.3872103,28.03347797,14.117647,68.235291,991.679922,2.75,0.000275,2d403812,,,,,,
﻿2025-04-15 08:38:35,91.464,-98.3871352,28.03345907,14.117647,68.235291,991.679922,2.75,0.000275,2d403812,,,,,,
﻿2025-04-15 08:38:36,91.464,-98.38706152,28.03344038,14.117647,68.039215,991.72875,2.75,0.000275,2d403812,,,,,,
﻿2025-04-15 08:38:37,91.464,-98.38698676,28.03342173,14.117647,67.84314,991.72875,2.75,0.000275,2d403812,,,,,,
﻿2025-04-15 08:38:38,91.464,-98.38691241,28.03340262,14.117647,68.039215,991.72875,2.75,0.000275,2d403812,,,,,,
﻿2025-04-15 08:38:39,91.464,-98.38683823,28.03338338,14.117647,68.235291,991.72875,2.75,0.000275,2d403812,,,,,,
﻿2025-04-15 08:38:40,91.464,-98.3867643,28.03336448,14.117647,68.235291,991.679922,2.75,0.000275,2d403812,,,,,,
﻿2025-04-15 08:38:41,91.464,-98.38669046,28.03334541,14.117647,68.235291,991.679922,2.75,0.000275,2d403812,,,,,,
﻿2025-04-15 08:38:42,91.464,-98.38660865,28.03332462,14.117647,68.431374,991.679922,2.75,0.000275,2d403812,,,,,,
﻿2025-04-15 08:38:43,91.464,-98.38653414,28.03330593,14.117647,68.431374,991.679922,2.75,0.000275,2d403812,,,,,,
﻿2025-04-15 08:38:44,91.3266,-98.38645962,28.03328753,14.117647,68.627449,991.72875,2.75,0.000275,2d403812,,,,,,
﻿2025-04-15 08:38:45,91.464,-98.38638502,28.03326922,14.117647,68.627449,991.679922,2.75,0.000275,2d403812,,,,,,
﻿2025-04-15 08:38:46,91.464,-98.38631118,28.03325082,14.117647,68.627449,991.679922,2.75,0.000275,2d403812,,,,,,
﻿2025-04-15 08:38:47,91.464,-98.38623775,28.03323213,14.117647,68.627449,991.679922,2.75,0.000275,2d403812,,,,,,
﻿2025-04-15 08:38:48,91.464,-98.38616349,28.03321331,14.117647,68.627449,991.679922,2.75,0.000275,2d403812,,,,,,
﻿2025-04-15 08:38:49,91.464,-98.38608914,28.03319466,14.117647,68.627449,991.679922,2.75,0.000275,2d403812,,,,,,
﻿2025-04-15 08:38:50,91.464,-98.38601488,28.03317593,14.117647,68.823532,991.679922,2.75,0.000275,2d403812,,,,,,
﻿2025-04-15 08:38:51,91.464,-98.3859407,28.03315719,14.117647,68.823532,991.679922,2.67,0.000267,2d403812,,,,,,
﻿2025-04-15 08:38:52,91.464,-98.38586585,28.0331385,14.117647,68.823532,991.72875,2.67,0.000267,2d403812,,,,,,
﻿2025-04-15 08:38:53,91.464,-98.38579091,28.03311939,14.117647,68.823532,991.72875,2.67,0.000267,2d403812,,,,,,
﻿2025-04-15 08:38:54,91.464,-98.38571648,28.03310016,14.117647,68.627449,991.72875,2.67,0.000267,2d403812,,,,,,
﻿2025-04-15 08:38:55,91.464,-98.38564197,28.03308117,14.117647,68.823532,991.72875,2.67,0.000267,2d403812,,,,,,
﻿2025-04-15 08:38:56,91.464,-98.38556753,28.03306227,14.117647,69.019608,991.72875,2.59,0.000259,2d403812,,,,,,
﻿2025-04-15 08:38:57,91.3266,-98.38549335,28.03304312,14.117647,69.019608,991.777578,2.59,0.000259,2d403812,,,,,,
﻿2025-04-15 08:38:58,91.3266,-98.38541884,28.03302451,14.117647,69.215683,991.777578,2.59,0.000259,2d403812,,,,,,
﻿2025-04-15 08:38:59,91.464,-98.38534491,28.03300657,14.117647,69.215683,991.777578,2.59,0.000259,2d403812,,,,,,
﻿2025-04-15 08:39:00,91.464,-98.38527023,28.03298788,14.117647,69.019608,991.777578,2.59,0.000259,2d403812,,,,,,
﻿2025-04-15 08:39:01,91.464,-98.38519638,28.03296898,14.117647,69.019608,991.777578,2.59,0.000259,2d403812,,,,,,
﻿2025-04-15 08:39:02,91.464,-98.38512262,28.03295025,14.117647,69.019608,991.72875,2.59,0.000259,2d403812,,,,,,
﻿2025-04-15 08:39:03,91.464,-98.38504819,28.03293147,14.117647,69.019608,991.72875,2.59,0.000259,2d403812,,,,,,
﻿2025-04-15 08:39:04,91.464,-98.38497426,28.03291274,14.117647,69.215683,991.72875,2.59,0.000259,2d403812,,,,,,
﻿2025-04-15 08:39:05,91.3266,-98.38489992,28.03289405,14.117647,69.215683,991.72875,2.59,0.000259,2d403812,,,,,,
﻿2025-04-15 08:39:06,91.464,-98.38482574,28.03287556,14.117647,68.627449,991.72875,2.59,0.000259,2d403812,,,,,,
﻿2025-04-15 08:39:07,91.464,-98.38475156,28.032857,14.117647,69.019608,991.777578,2.59,0.000259,2d403812,,,,,,
﻿2025-04-15 08:39:08,91.464,-98.38467738,28.03283822,14.117647,69.019608,991.777578,2.59,0.000259,2d403812,,,,,,
﻿2025-04-15 08:39:09,91.464,-98.38460303,28.03281919,14.117647,69.019608,991.777578,2.59,0.000259,2d403812,,,,,,
﻿2025-04-15 08:39:10,91.464,-98.38452893,28.0328,14.117647,69.019608,991.777578,2.59,0.000259,2d403812,,,,,,
﻿2025-04-15 08:39:11,91.464,-98.38445475,28.0327811,14.117647,69.019608,991.72875,2.59,0.000259,2d403812,,,,,,
﻿2025-04-15 08:39:12,91.464,-98.38438066,28.03276228,14.117647,69.215683,991.72875,2.52,0.000252,2d403812,,,,,,
﻿2025-04-15 08:39:13,91.464,-98.38430698,28.0327438,14.117647,69.215683,991.72875,2.52,0.000252,2d403812,,,,,,
﻿2025-04-15 08:39:14,91.464,-98.38423305,28.03272532,14.117647,69.215683,991.72875,2.52,0.000252,2d403812,,,,,,
﻿2025-04-15 08:39:15,91.464,-98.38415845,28.03270642,14.117647,69.411766,991.72875,2.52,0.000252,2d403812,,,,,,
﻿2025-04-15 08:39:16,91.464,-98.38408394,28.03268802,14.117647,69.215683,991.72875,2.52,0.000252,2d403812,,,,,,
﻿2025-04-15 08:39:17,91.3266,-98.38400951,28.03266958,14.117647,69.215683,991.72875,2.52,0.000252,2d403812,,,,,,
﻿2025-04-15 08:39:18,91.464,-98.38393457,28.03265089,14.117647,69.019608,991.777578,2.52,0.000252,2d403812,,,,,,
﻿2025-04-15 08:39:19,91.464,-98.38385981,28.03263203,14.117647,69.019608,991.777578,2.52,0.000252,2d403812,,,,,,
﻿2025-04-15 08:39:20,91.464,-98.38378554,28.03261354,14.117647,69.019608,991.777578,2.52,0.000252,2d403812,,,,,,
﻿2025-04-15 08:39:21,91.464,-98.38371161,28.0325951,14.117647,69.019608,991.72875,2.44,0.000244,2d403812,,,,,,
﻿2025-04-15 08:39:22,91.464,-98.38363752,28.03257641,14.117647,68.431374,991.72875,2.44,0.000244,2d403812,,,,,,
﻿2025-04-15 08:39:23,91.464,-98.38356334,28.03255764,14.117647,69.019608,991.72875,2.44,0.000244,2d403812,,,,,,
﻿2025-04-15 08:39:24,91.464,-98.38348974,28.03253865,13.921569,69.019608,991.72875,2.44,0.000244,2d403812,,,,,,
﻿2025-04-15 08:39:25,91.464,-98.38341556,28.03251988,13.921569,69.019608,991.72875,2.44,0.000244,2d403812,,,,,,
﻿2025-04-15 08:39:26,91.464,-98.38334105,28.03250135,13.921569,69.019608,991.72875,2.44,0.000244,2d403812,,,,,,
﻿2025-04-15 08:39:27,91.464,-98.38326645,28.032483,13.921569,68.823532,991.777578,2.44,0.000244,2d403812,,,,,,
﻿2025-04-15 08:39:28,91.464,-98.38319152,28.03246439,13.921569,68.823532,991.777578,2.44,0.000244,2d403812,,,,,,
﻿2025-04-15 08:39:29,91.464,-98.38311683,28.03244578,13.921569,68.823532,991.777578,2.44,0.000244,2d403812,,,,,,
﻿2025-04-15 08:39:30,91.464,-98.38304232,28.03242692,13.921569,68.627449,991.777578,2.44,0.000244,2d403812,,,,,,
﻿2025-04-15 08:39:31,91.464,-98.38296872,28.03240798,13.921569,68.627449,991.777578,2.44,0.000244,2d403812,,,,,,
﻿2025-04-15 08:39:32,91.464,-98.38289505,28.03238908,13.921569,68.627449,991.72875,2.44,0.000244,2d403812,,,,,,
﻿2025-04-15 08:39:33,91.464,-98.38282087,28.03237047,13.921569,68.823532,991.72875,2.44,0.000244,2d403812,,,,,,
﻿2025-04-15 08:39:34,91.464,-98.38274644,28.03235182,13.921569,68.823532,991.72875,2.44,0.000244,2d403812,,,,,,
﻿2025-04-15 08:39:35,91.464,-98.38267226,28.0323333,13.921569,69.019608,991.72875,2.44,0.000244,2d403812,,,,,,
﻿2025-04-15 08:39:36,91.464,-98.38259824,28.03231435,13.921569,69.019608,991.72875,2.44,0.000244,2d403812,,,,,,
﻿2025-04-15 08:39:37,91.464,-98.38252398,28.03229558,13.921569,69.215683,991.72875,2.44,0.000244,2d403812,,,,,,
﻿2025-04-15 08:39:38,91.464,-98.38244963,28.03227663,13.921569,69.215683,991.72875,2.44,0.000244,2d403812,,,,,,
﻿2025-04-15 08:39:39,91.464,-98.38237478,28.03225769,13.921569,69.215683,991.72875,2.44,0.000244,2d403812,,,,,,
﻿2025-04-15 08:39:40,91.464,-98.3823001,28.03223883,13.921569,69.411766,991.72875,2.44,0.000244,2d403812,,,,,,
﻿2025-04-15 08:39:41,91.464,-98.38222575,28.03221997,13.921569,69.411766,991.72875,2.44,0.000244,2d403812,,,,,,
﻿2025-04-15 08:39:42,91.464,-98.38215132,28.03220153,13.921569,69.607841,991.777578,2.37,0.000237,2d403812,,,,,,
﻿2025-04-15 08:39:43,91.464,-98.38207714,28.03218309,13.921569,69.607841,991.777578,2.37,0.000237,2d403812,,,,,,
﻿2025-04-15 08:39:44,91.3266,-98.38200305,28.03216465,13.921569,69.607841,991.777578,2.37,0.000237,2d403812,,,,,,
﻿2025-04-15 08:39:45,91.3266,-98.38192887,28.03214604,13.921569,69.607841,991.777578,2.37,0.000237,2d403812,,,,,,
﻿2025-04-15 08:39:46,91.3266,-98.38185469,28.03212735,13.921569,69.607841,991.777578,2.37,0.000237,2d403812,,,,,,
﻿2025-04-15 08:39:47,91.464,-98.38178017,28.03210849,13.921569,69.607841,991.777578,2.37,0.000237,2d403812,,,,,,
﻿2025-04-15 08:39:48,91.464,-98.38170624,28.03208993,13.921569,69.607841,991.777578,2.37,0.000237,2d403812,,,,,,
﻿2025-04-15 08:39:49,91.464,-98.3816319,28.03207128,13.921569,69.803925,991.777578,2.37,0.000237,2d403812,,,,,,
﻿2025-04-15 08:39:50,91.464,-98.38155788,28.03205267,13.921569,69.607841,991.777578,2.37,0.000237,2d403812,,,,,,
﻿2025-04-15 08:39:51,91.464,-98.38148446,28.03203406,13.921569,69.607841,991.72875,2.37,0.000237,2d403812,,,,,,
﻿2025-04-15 08:39:52,91.464,-98.38141028,28.03201529,13.921569,69.411766,991.72875,2.37,0.000237,2d403812,,,,,,
﻿2025-04-15 08:39:53,91.464,-98.38133568,28.03199618,13.921569,69.411766,991.72875,2.37,0.000237,2d403812,,,,,,
﻿2025-04-15 08:39:54,91.464,-98.38126074,28.03197719,13.921569,69.411766,991.72875,2.37,0.000237,2d403812,,,,,,
﻿2025-04-15 08:39:55,91.464,-98.38118581,28.03195829,13.921569,69.019608,991.72875,2.37,0.000237,2d403812,,,,,,
﻿2025-04-15 08:39:56,91.464,-98.38111171,28.03193977,13.921569,69.411766,991.72875,2.37,0.000237,2d403812,,,,,,
﻿2025-04-15 08:39:57,91.3266,-98.38103787,28.03192162,13.921569,69.411766,991.72875,2.37,0.000237,2d403812,,,,,,
﻿2025-04-15 08:39:58,91.464,-98.38096394,28.0319028,13.921569,69.215683,991.72875,2.37,0.000237,2d403812,,,,,,
﻿2025-04-15 08:39:59,91.464,-98.38088926,28.0318839,13.921569,69.215683,991.72875,2.37,0.000237,2d403812,,,,,,
﻿2025-04-15 08:40:00,91.464,-98.38081491,28.031865,13.921569,69.607841,991.72875,2.29,0.000229,2d403812,,,,,,
﻿2025-04-15 08:40:01,91.464,-98.38074132,28.03184627,13.921569,69.215683,991.72875,2.29,0.000229,2d403812,,,,,,
﻿2025-04-15 08:40:02,91.464,-98.3806663,28.03182736,13.921569,69.215683,991.72875,2.29,0.000229,2d403812,,,,,,
﻿2025-04-15 08:40:03,91.464,-98.38059178,28.03180863,13.921569,69.215683,991.72875,2.29,0.000229,2d403812,,,,,,
﻿2025-04-15 08:40:04,91.464,-98.38051769,28.03179027,13.921569,69.215683,991.72875,2.29,0.000229,2d403812,,,,,,
﻿2025-04-15 08:40:05,91.464,-98.38044267,28.03177137,13.921569,69.411766,991.72875,2.29,0.000229,2d403812,,,,,,
﻿2025-04-15 08:40:06,91.464,-98.38036925,28.03175264,13.921569,69.411766,991.72875,2.29,0.000229,2d403812,,,,,,
﻿2025-04-15 08:40:07,91.464,-98.38029465,28.03173378,13.921569,69.411766,991.72875,2.29,0.000229,2d403812,,,,,,
﻿2025-04-15 08:40:08,91.464,-98.38022038,28.03171526,13.921569,69.411766,991.72875,2.29,0.000229,2d403812,,,,,,
﻿2025-04-15 08:40:09,91.464,-98.38014612,28.03169686,13.921569,69.411766,991.72875,2.29,0.000229,2d403812,,,,,,
﻿2025-04-15 08:40:10,91.464,-98.38007169,28.03167829,13.921569,69.215683,991.72875,2.29,0.000229,2d403812,,,,,,
﻿2025-04-15 08:40:11,91.464,-98.37999709,28.03165952,13.921569,69.215683,991.72875,2.29,0.000229,2d403812,,,,,,
﻿2025-04-15 08:40:12,91.464,-98.37992308,28.03164082,13.921569,69.019608,991.72875,2.29,0.000229,2d403812,,,,,,
﻿2025-04-15 08:40:13,91.464,-98.37984915,28.03162213,13.921569,69.411766,991.679922,2.29,0.000229,2d403812,,,,,,
﻿2025-04-15 08:40:14,91.464,-98.37977497,28.03160336,13.921569,69.411766,991.679922,2.29,0.000229,2d403812,,,,,,
﻿2025-04-15 08:40:15,91.464,-98.37970037,28.03158475,13.921569,69.411766,991.72875,2.29,0.000229,2d403812,,,,,,
﻿2025-04-15 08:40:16,91.464,-98.37962569,28.03156606,13.921569,69.411766,991.72875,2.29,0.000229,2d403812,,,,,,
﻿2025-04-15 08:40:17,91.464,-98.37955151,28.03154745,13.921569,69.411766,991.72875,2.29,0.000229,2d403812,,,,,,
﻿2025-04-15 08:40:18,91.464,-98.37947758,28.03152872,13.921569,69.411766,991.72875,2.29,0.000229,2d403812,,,,,,
﻿2025-04-15 08:40:19,91.464,-98.37940365,28.03151028,13.921569,69.411766,991.72875,2.29,0.000229,2d403812,,,,,,
﻿2025-04-15 08:40:20,91.464,-98.3793288,28.03149175,13.921569,69.215683,991.777578,2.29,0.000229,2d403812,,,,,,
﻿2025-04-15 08:40:21,91.464,-98.37925462,28.03147331,13.921569,69.215683,991.777578,2.29,0.000229,2d403812,,,,,,
﻿2025-04-15 08:40:22,91.464,-98.37918061,28.03145445,13.921569,69.019608,991.777578,2.29,0.000229,2d403812,,,,,,
﻿2025-04-15 08:40:23,91.464,-98.37910701,28.03143551,13.921569,69.019608,991.72875,2.29,0.000229,2d403812,,,,,,
﻿2025-04-15 08:40:24,91.464,-98.37903233,28.03141602,13.921569,69.019608,991.72875,2.29,0.000229,2d403812,,,,,,
﻿2025-04-15 08:40:25,91.464,-98.37895874,28.03139729,13.921569,69.019608,991.72875,2.21,0.000221,2d403812,,,,,,
﻿2025-04-15 08:40:26,91.464,-98.37888489,28.03137864,13.921569,69.019608,991.679922,2.21,0.000221,2d403812,,,,,,
﻿2025-04-15 08:40:27,91.464,-98.37881038,28.03135991,13.921569,69.215683,991.679922,2.21,0.000221,2d403812,,,,,,
﻿2025-04-15 08:40:28,91.464,-98.37873662,28.03134113,13.921569,69.215683,991.679922,2.21,0.000221,2d403812,,,,,,
﻿2025-04-15 08:40:29,91.464,-98.3786616,28.03132277,13.921569,69.215683,991.679922,2.21,0.000221,2d403812,,,,,,
﻿2025-04-15 08:40:30,91.464,-98.37858641,28.03130404,13.921569,69.411766,991.72875,2.21,0.000221,2d403812,,,,,,
﻿2025-04-15 08:40:31,91.464,-98.37851265,28.03128535,13.921569,69.411766,991.72875,2.21,0.000221,2d403812,,,,,,
﻿2025-04-15 08:40:32,91.464,-98.37843747,28.03126645,13.921569,69.411766,991.777578,2.21,0.000221,2d403812,,,,,,
﻿2025-04-15 08:40:33,91.464,-98.37836396,28.03124776,13.921569,69.411766,991.72875,2.21,0.000221,2d403812,,,,,,
﻿2025-04-15 08:40:34,91.464,-98.37828953,28.03122927,13.921569,69.607841,991.72875,2.21,0.000221,2d403812,,,,,,
﻿2025-04-15 08:40:35,91.464,-98.37821568,28.03121079,13.921569,69.607841,991.72875,2.21,0.000221,2d403812,,,,,,
﻿2025-04-15 08:40:36,91.464,-98.37814209,28.03119214,13.921569,69.411766,991.72875,2.21,0.000221,2d403812,,,,,,
﻿2025-04-15 08:40:37,91.464,-98.37806757,28.03117337,13.921569,69.411766,991.72875,2.21,0.000221,2d403812,,,,,,
﻿2025-04-15 08:40:38,91.464,-98.37799348,28.03115463,13.921569,69.215683,991.72875,2.21,0.000221,2d403812,,,,,,
﻿2025-04-15 08:40:39,91.464,-98.37791947,28.03113602,13.921569,69.215683,991.72875,2.21,0.000221,2d403812,,,,,,
﻿2025-04-15 08:40:40,91.464,-98.37784453,28.03111721,13.921569,69.019608,991.679922,2.21,0.000221,2d403812,,,,,,
﻿2025-04-15 08:40:41,91.464,-98.37777018,28.03109818,13.921569,69.019608,991.679922,2.21,0.000221,2d403812,,,,,,
﻿2025-04-15 08:40:42,91.464,-98.37769567,28.03107936,13.921569,68.823532,991.679922,2.21,0.000221,2d403812,,,,,,
﻿2025-04-15 08:40:43,91.464,-98.37762166,28.03106071,13.725491,69.019608,991.679922,2.14,0.000214,2d403812,,,,,,
﻿2025-04-15 08:40:44,91.464,-98.37754731,28.03104206,13.725491,69.019608,991.679922,2.14,0.000214,2d403812,,,,,,
﻿2025-04-15 08:40:45,91.464,-98.37747263,28.03102329,13.725491,69.019608,991.679922,2.14,0.000214,2d403812,,,,,,
﻿2025-04-15 08:40:46,91.464,-98.37739786,28.03100451,13.921569,69.019608,991.72875,2.14,0.000214,2d403812,,,,,,
﻿2025-04-15 08:40:47,91.464,-98.37732418,28.0309862,13.725491,69.215683,991.72875,2.14,0.000214,2d403812,,,,,,
﻿2025-04-15 08:40:48,91.464,-98.37724992,28.03096776,13.725491,69.019608,991.72875,2.14,0.000214,2d403812,,,,,,
﻿2025-04-15 08:40:49,91.464,-98.3771754,28.03094923,13.725491,68.823532,991.679922,2.14,0.000214,2d403812,,,,,,
﻿2025-04-15 08:40:50,91.464,-98.37710148,28.03093054,13.725491,68.823532,991.679922,2.14,0.000214,2d403812,,,,,,
﻿2025-04-15 08:40:51,91.464,-98.37702772,28.03091193,13.725491,68.823532,991.679922,2.14,0.000214,2d403812,,,,,,
﻿2025-04-15 08:40:52,91.464,-98.37695328,28.03089278,13.725491,68.823532,991.679922,2.14,0.000214,2d403812,,,,,,
﻿2025-04-15 08:40:53,91.464,-98.37687919,28.03087422,13.725491,68.823532,991.679922,2.14,0.000214,2d403812,,,,,,
﻿2025-04-15 08:40:54,91.464,-98.37680492,28.03085552,13.725491,68.823532,991.679922,2.14,0.000214,2d403812,,,,,,
﻿2025-04-15 08:40:55,91.464,-98.37673041,28.03083637,13.725491,68.823532,991.679922,2.14,0.000214,2d403812,,,,,,
﻿2025-04-15 08:40:56,91.464,-98.37665573,28.03081726,13.725491,69.019608,991.679922,2.14,0.000214,2d403812,,,,,,
﻿2025-04-15 08:40:57,91.464,-98.37658155,28.03079832,13.725491,69.019608,991.679922,2.14,0.000214,2d403812,,,,,,
﻿2025-04-15 08:40:58,91.464,-98.37650695,28.03077933,13.725491,69.215683,991.679922,2.14,0.000214,2d403812,,,,,,
﻿2025-04-15 08:40:59,91.464,-98.3764321,28.03076022,13.725491,69.607841,991.679922,2.06,0.000206,2d403812,,,,,,
﻿2025-04-15 08:41:00,91.464,-98.37635783,28.03074128,13.725491,69.411766,991.679922,2.06,0.000206,2d403812,,,,,,
﻿2025-04-15 08:41:01,91.464,-98.37628458,28.03072296,13.725491,69.215683,991.679922,2.06,0.000206,2d403812,,,,,,
﻿2025-04-15 08:41:02,91.464,-98.37621048,28.03070457,13.725491,69.215683,991.679922,2.06,0.000206,2d403812,,,,,,
﻿2025-04-15 08:41:03,91.464,-98.37613529,28.03068625,13.725491,69.215683,991.679922,2.06,0.000206,2d403812,,,,,,
﻿2025-04-15 08:41:04,91.464,-98.37606028,28.03066819,13.725491,69.019608,991.72875,2.06,0.000206,2d403812,,,,,,
﻿2025-04-15 08:41:05,91.464,-98.37598551,28.03065004,13.725491,69.019608,991.72875,2.06,0.000206,2d403812,,,,,,
﻿2025-04-15 08:41:06,91.464,-98.37591125,28.0306316,13.725491,69.215683,991.72875,2.06,0.000206,2d403812,,,,,,
﻿2025-04-15 08:41:07,91.464,-98.37583707,28.03061304,13.725491,69.019608,991.777578,2.06,0.000206,2d403812,,,,,,
﻿2025-04-15 08:41:08,91.464,-98.37576305,28.03059426,13.725491,69.215683,991.72875,2.06,0.000206,2d403812,,,,,,
﻿2025-04-15 08:41:09,91.464,-98.37568963,28.03057565,13.725491,69.215683,991.72875,2.06,0.000206,2d403812,,,,,,
﻿2025-04-15 08:41:10,91.464,-98.37561486,28.03055616,13.725491,69.215683,991.72875,2.06,0.000206,2d403812,,,,,,
﻿2025-04-15 08:41:11,91.464,-98.37554018,28.03053726,13.725491,69.019608,991.777578,2.06,0.000206,2d403812,,,,,,
﻿2025-04-15 08:41:12,91.464,-98.37546583,28.03051845,13.725491,69.215683,991.777578,2.06,0.000206,2d403812,,,,,,
﻿2025-04-15 08:41:13,91.464,-98.37539148,28.0304995,13.725491,69.215683,991.777578,2.06,0.000206,2d403812,,,,,,
﻿2025-04-15 08:41:14,91.464,-98.37531789,28.03048043,13.725491,69.215683,991.777578,2.06,0.000206,2d403812,,,,,,
﻿2025-04-15 08:41:15,91.464,-98.37524354,28.03046128,13.725491,69.215683,991.777578,2.06,0.000206,2d403812,,,,,,
﻿2025-04-15 08:41:16,91.464,-98.37516869,28.03044205,13.725491,69.215683,991.72875,2.06,0.000206,2d403812,,,,,,
﻿2025-04-15 08:41:17,91.464,-98.37509477,28.03042314,13.725491,69.411766,991.72875,2.06,0.000206,2d403812,,,,,,
﻿2025-04-15 08:41:18,91.464,-98.37502042,28.03040454,13.725491,69.411766,991.777578,2.06,0.000206,2d403812,,,,,,
﻿2025-04-15 08:41:19,91.464,-98.37494582,28.03038605,13.725491,69.607841,991.777578,2.06,0.000206,2d403812,,,,,,
﻿2025-04-15 08:41:20,91.464,-98.37487231,28.03036778,13.725491,69.607841,991.777578,2.06,0.000206,2d403812,,,,,,
﻿2025-04-15 08:41:21,91.464,-98.3747983,28.03034926,13.725491,69.607841,991.72875,2.06,0.000206,2d403812,,,,,,
﻿2025-04-15 08:41:22,91.464,-98.3747242,28.03033048,13.725491,69.607841,991.72875,2.06,0.000206,2d403812,,,,,,
﻿2025-04-15 08:41:23,91.464,-98.37465036,28.03031196,13.725491,69.607841,991.72875,2.06,0.000206,2d403812,,,,,,
﻿2025-04-15 08:41:24,91.464,-98.37457551,28.03029348,13.725491,69.607841,991.679922,2.06,0.000206,2d403812,,,,,,
﻿2025-04-15 08:41:25,91.464,-98.37450191,28.03027512,13.725491,69.607841,991.679922,2.06,0.000206,2d403812,,,,,,
﻿2025-04-15 08:41:26,91.464,-98.37442782,28.0302566,13.725491,69.607841,991.679922,1.98,0.000198,2d403812,,,,,,
﻿2025-04-15 08:41:27,91.464,-98.37435313,28.0302379,13.725491,69.803925,991.679922,1.98,0.000198,2d403812,,,,,,
﻿2025-04-15 08:41:28,91.464,-98.37427921,28.03021955,13.725491,69.803925,991.679922,1.98,0.000198,2d403812,,,,,,
﻿2025-04-15 08:41:29,91.464,-98.37420377,28.03020039,13.725491,69.803925,991.679922,1.98,0.000198,2d403812,,,,,,
﻿2025-04-15 08:41:30,91.464,-98.37413009,28.03018162,13.725491,69.803925,991.72875,1.98,0.000198,2d403812,,,,,,
﻿2025-04-15 08:41:31,91.464,-98.37405541,28.03016272,13.725491,69.803925,991.72875,1.98,0.000198,2d403812,,,,,,
﻿2025-04-15 08:41:32,91.464,-98.37398115,28.03014382,13.725491,69.803925,991.72875,1.98,0.000198,2d403812,,,,,,
﻿2025-04-15 08:41:33,91.464,-98.3739068,28.03012496,13.725491,70,991.72875,1.98,0.000198,2d403812,,,,,,
﻿2025-04-15 08:41:34,91.464,-98.37383253,28.03010635,13.725491,70,991.72875,1.98,0.000198,2d403812,,,,,,
﻿2025-04-15 08:41:35,91.464,-98.37375802,28.03008757,13.725491,70.196075,991.72875,1.98,0.000198,2d403812,,,,,,
﻿2025-04-15 08:41:36,91.464,-98.37368417,28.03006897,13.725491,70.196075,991.72875,1.98,0.000198,2d403812,,,,,,
﻿2025-04-15 08:41:37,91.464,-98.37360966,28.03005044,13.725491,70,991.72875,1.98,0.000198,2d403812,,,,,,
﻿2025-04-15 08:41:38,91.464,-98.3735354,28.03003196,13.725491,70,991.72875,1.98,0.000198,2d403812,,,,,,
﻿2025-04-15 08:41:39,91.464,-98.3734608,28.03001293,13.725491,70,991.72875,1.98,0.000198,2d403812,,,,,,
﻿2025-04-15 08:41:40,91.464,-98.37338611,28.02999403,13.725491,70,991.777578,1.98,0.000198,2d403812,,,,,,
﻿2025-04-15 08:41:41,91.464,-98.3733121,28.02997513,13.725491,70.196075,991.777578,1.98,0.000198,2d403812,,,,,,
﻿2025-04-15 08:41:42,91.464,-98.37323734,28.02995652,13.725491,70.196075,991.72875,1.98,0.000198,2d403812,,,,,,
﻿2025-04-15 08:41:43,91.464,-98.37316366,28.02993771,13.725491,70.392159,991.72875,1.98,0.000198,2d403812,,,,,,
﻿2025-04-15 08:41:44,91.464,-98.3730904,28.02991918,13.725491,70.392159,991.72875,1.98,0.000198,2d403812,,,,,,
﻿2025-04-15 08:41:45,91.464,-98.37301547,28.02990036,13.725491,70.392159,991.72875,1.98,0.000198,2d403812,,,,,,
﻿2025-04-15 08:41:46,91.464,-98.37294162,28.02988163,13.725491,70.588234,991.72875,1.91,0.000191,2d403812,,,,,,
﻿2025-04-15 08:41:47,91.464,-98.37287188,28.02986432,13.725491,70.588234,991.72875,1.91,0.000191,2d403812,,,,,,
﻿2025-04-15 08:41:48,91.464,-98.3728262,28.02985317,13.725491,70.588234,991.777578,1.91,0.000191,2d403812,,,,,,
﻿2025-04-15 08:41:49,91.3266,-98.37281983,28.02985179,13.725491,70.588234,991.875234,1.91,0.000191,2d403812,,,,,,
﻿2025-04-15 08:41:50,91.464,-98.37281983,28.0298515,13.725491,70.588234,991.924062,1.91,0.000191,2d403812,,,,,,
﻿2025-04-15 08:41:51,91.464,-98.37281916,28.02985125,13.725491,70.588234,991.972891,1.91,0.000191,2d403812,,,,,,
﻿2025-04-15 08:41:52,91.464,-98.37281816,28.02985116,13.725491,70.588234,991.972891,1.91,0.000191,2d403812,,,,,,
﻿2025-04-15 08:41:53,91.464,-98.37281707,28.02985074,13.921569,70.392159,991.972891,1.91,0.000191,2d403812,,,,,,
﻿2025-04-15 08:41:54,91.464,-98.37281665,28.02985012,13.921569,70.392159,992.021719,1.91,0.000191,2d403812,,,,,,
﻿2025-04-15 08:41:55,91.464,-98.3728205,28.02984659,13.921569,70.392159,992.119375,1.91,0.000191,2d403812,,,,,,
﻿2025-04-15 08:41:56,91.464,-98.37284976,28.02982367,13.921569,70.392159,992.168203,1.91,0.000191,2d403812,,,,,,
﻿2025-04-15 08:41:57,91.464,-98.37290558,28.02978092,13.921569,70.392159,992.168203,1.91,0.000191,2d403812,,,,,,
﻿2025-04-15 08:41:58,91.464,-98.3729816,28.02972124,13.921569,70.196075,992.119375,1.91,0.000191,2d403812,,,,,,
﻿2025-04-15 08:41:59,91.3266,-98.37307523,28.02964757,13.921569,70.196075,992.021719,1.91,0.000191,2d403812,,,,,,
﻿2025-04-15 08:42:00,91.3266,-98.37319241,28.0295557,13.921569,70.196075,991.924062,1.91,0.000191,2d403812,,,,,,
﻿2025-04-15 08:42:01,91.3266,-98.37332417,28.02945181,13.921569,70.196075,991.777578,1.91,0.000191,2d403812,,,,,,
﻿2025-04-15 08:42:02,91.3266,-98.37347396,28.02934397,13.921569,70.196075,991.679922,1.91,0.000191,2d403812,,,,,,
﻿2025-04-15 08:42:03,91.3266,-98.3736333,28.02928119,13.921569,70.196075,991.631094,1.91,0.000191,2d403812,,,,,,
﻿2025-04-15 08:42:04,91.3266,-98.37380303,28.02925953,13.921569,70.392159,991.631094,1.91,0.000191,2d403812,,,,,,
﻿2025-04-15 08:42:05,91.464,-98.37399422,28.02925039,13.921569,70.392159,991.582188,1.91,0.000191,2d403812,,,,,,
﻿2025-04-15 08:42:06,91.464,-98.37419388,28.02925508,13.921569,70.392159,991.533359,1.91,0.000191,2d403812,,,,,,
﻿2025-04-15 08:42:07,91.464,-98.37438431,28.02928144,13.921569,70.392159,991.484531,1.91,0.000191,2d403812,,,,,,
﻿2025-04-15 08:42:08,91.464,-98.374588,28.0293076,13.921569,70.392159,991.435703,1.91,0.000191,2d403812,,,,,,
﻿2025-04-15 08:42:09,91.3266,-98.37479914,28.02933417,13.921569,70.392159,991.386875,1.91,0.000191,2d403812,,,,,,
﻿2025-04-15 08:42:10,91.3266,-98.37501824,28.02936158,13.921569,70.196075,991.338047,1.91,0.000191,2d403812,,,,,,
﻿2025-04-15 08:42:11,91.3266,-98.37524262,28.02939007,13.725491,70.196075,991.289219,1.91,0.000191,2d403812,,,,,,
﻿2025-04-15 08:42:12,91.3266,-98.37546801,28.02941803,13.725491,70,991.289219,1.91,0.000191,2d403812,,,,,,
﻿2025-04-15 08:42:13,91.3266,-98.37596673,28.02948919,13.725491,69.803925,991.289219,1.91,0.000191,2d403812,,,,,,
﻿2025-04-15 08:42:13,91.3266,-98.37569617,28.02944665,13.725491,70,991.289219,1.91,0.000191,2d403812,,,,,,
﻿2025-04-15 08:42:14,91.464,-98.37618961,28.02953324,13.725491,69.803925,991.191563,1.91,0.000191,2d403812,,,,,,
﻿2025-04-15 08:42:15,91.3266,-98.37641626,28.02957083,13.725491,69.803925,991.191563,1.91,0.000191,2d403812,,,,,,
﻿2025-04-15 08:42:16,91.3266,-98.37664466,28.029607,13.725491,69.803925,991.240391,1.91,0.000191,2d403812,,,,,,
﻿2025-04-15 08:42:17,91.464,-98.37687458,28.02964229,13.725491,69.803925,991.240391,1.91,0.000191,2d403812,,,,,,
﻿2025-04-15 08:42:18,91.464,-98.37710634,28.02967741,13.725491,69.803925,991.191563,1.91,0.000191,2d403812,,,,,,
﻿2025-04-15 08:42:19,91.3266,-98.37733542,28.02971194,13.725491,70,991.142734,1.91,0.000191,2d403812,,,,,,
﻿2025-04-15 08:42:20,91.3266,-98.37756307,28.02974626,13.725491,70,991.142734,1.91,0.000191,2d403812,,,,,,
﻿2025-04-15 08:42:22,91.3266,-98.37802567,28.02981734,13.725491,70,991.142734,1.91,0.000191,2d403812,,,,,,
﻿2025-04-15 08:42:22,91.3266,-98.37779483,28.02978168,13.725491,70,991.142734,1.91,0.000191,2d403812,,,,,,
﻿2025-04-15 08:42:23,91.3266,-98.37825416,28.02985418,13.725491,69.803925,991.191563,1.91,0.000191,2d403812,,,,,,
﻿2025-04-15 08:42:24,93.6613,-98.3784896,28.02989441,13.725491,69.607841,991.142734,1.91,0.000191,2d403812,,,,,,
﻿2025-04-15 08:42:26,99.292,-98.37872321,28.02993427,13.725491,69.607841,990.849687,1.83,0.000183,2d403812,,,,,,
﻿2025-04-15 08:42:27,111.377,-98.37918865,28.03001142,13.725491,69.411766,990.019531,1.83,0.000183,2d403812,,,,,,
﻿2025-04-15 08:42:27,99.292,-98.37872321,28.02993427,13.725491,69.607841,990.361406,1.83,0.000183,2d403812,,,,,,
﻿2025-04-15 08:42:29,121.403,-98.37964924,28.03008887,13.725491,69.215683,988.896328,1.83,0.000183,2d403812,,,,,,
﻿2025-04-15 08:42:29,111.377,-98.37918865,28.03001142,13.725491,69.411766,989.287031,1.83,0.000183,2d403812,,,,,,
﻿2025-04-15 08:42:30,121.677,-98.37987513,28.03012676,13.725491,68.823532,988.359141,1.83,0.000183,2d403812,,,,,,
﻿2025-04-15 08:42:31,121.54,-98.38010061,28.03016536,13.725491,68.431374,988.066172,1.83,0.000183,2d403812,,,,,,
﻿2025-04-15 08:42:32,121.54,-98.3803296,28.03020412,13.725491,68.627449,987.968516,1.83,0.000183,2d403812,,,,,,
﻿2025-04-15 08:42:33,121.677,-98.38056086,28.03024331,13.725491,68.823532,987.870859,1.83,0.000183,2d403812,,,,,,
﻿2025-04-15 08:42:34,121.677,-98.38079287,28.03028212,13.725491,68.823532,987.870859,1.83,0.000183,2d403812,,,,,,
﻿2025-04-15 08:42:36,121.815,-98.38148597,28.03039641,13.725491,68.627449,987.773203,1.83,0.000183,2d403812,,,,,,
﻿2025-04-15 08:42:36,121.677,-98.38079287,28.03028212,13.725491,68.823532,987.822031,1.83,0.000183,2d403812,,,,,,
﻿2025-04-15 08:42:37,121.677,-98.38102387,28.03032042,13.725491,68.627449,987.773203,1.83,0.000183,2d403812,,,,,,
﻿2025-04-15 08:42:38,121.815,-98.38171806,28.03043622,13.725491,68.431374,987.773203,1.83,0.000183,2d403812,,,,,,
﻿2025-04-15 08:42:40,121.952,-98.38215073,28.03054703,13.725491,68.431374,987.724297,1.83,0.000183,2d403812,,,,,,
﻿2025-04-15 08:42:40,121.815,-98.38171806,28.03043622,13.725491,68.431374,987.724297,1.83,0.000183,2d403812,,,,,,
﻿2025-04-15 08:42:41,121.815,-98.38237436,28.03059359,13.725491,68.431374,987.724297,1.83,0.000183,2d403812,,,,,,
﻿2025-04-15 08:42:43,121.815,-98.38237436,28.03059359,13.725491,68.431374,987.724297,1.83,0.000183,2d403812,,,,,,
﻿2025-04-15 08:42:44,121.815,-98.38260202,28.03063948,13.725491,68.235291,987.724297,1.83,0.000183,2d403812,,,,,,
﻿2025-04-15 08:42:45,121.815,-98.38282783,28.03068462,13.725491,68.235291,987.724297,1.83,0.000183,2d403812,,,,,,
﻿2025-04-15 08:42:46,121.815,-98.38305296,28.03072971,13.725491,68.235291,987.724297,1.83,0.000183,2d403812,,,,,,
﻿2025-04-15 08:42:47,121.677,-98.38373802,28.03086764,13.725491,68.039215,987.724297,1.83,0.000183,2d403812,,,,,,
﻿2025-04-15 08:42:47,121.677,-98.38351028,28.03082216,13.725491,68.235291,987.724297,1.83,0.000183,2d403812,,,,,,
﻿2025-04-15 08:42:48,121.677,-98.38396483,28.0309124,13.725491,68.039215,987.724297,1.75,0.000175,2d403812,,,,,,
﻿2025-04-15 08:42:49,121.677,-98.38419382,28.03095749,13.725491,68.235291,987.724297,1.75,0.000175,2d403812,,,,,,
﻿2025-04-15 08:42:51,121.54,-98.38465374,28.03104873,13.725491,68.235291,987.724297,1.75,0.000175,2d403812,,,,,,
﻿2025-04-15 08:42:51,121.54,-98.38442458,28.03100326,13.725491,68.235291,987.724297,1.75,0.000175,2d403812,,,,,,
﻿2025-04-15 08:42:53,121.677,-98.38511122,28.03113975,13.529411,68.431374,987.724297,1.75,0.000175,2d403812,,,,,,
﻿2025-04-15 08:42:53,121.677,-98.38488265,28.03109453,13.529411,68.431374,987.724297,1.75,0.000175,2d403812,,,,,,
﻿2025-04-15 08:42:54,121.54,-98.38533963,28.03118544,13.529411,68.627449,987.724297,1.75,0.000175,2d403812,,,,,,
﻿2025-04-15 08:42:55,121.54,-98.38556619,28.03123124,13.529411,68.823532,987.724297,1.75,0.000175,2d403812,,,,,,
﻿2025-04-15 08:42:56,121.677,-98.3857946,28.03127718,13.529411,68.823532,987.724297,1.75,0.000175,2d403812,,,,,,
﻿2025-04-15 08:42:57,121.677,-98.38602175,28.03132319,13.529411,69.019608,987.675469,1.75,0.000175,2d403812,,,,,,
﻿2025-04-15 08:42:59,121.677,-98.38602175,28.03132319,13.529411,69.215683,987.675469,1.75,0.000175,2d403812,,,,,,
﻿2025-04-15 08:43:00,121.677,-98.38670814,28.03146045,13.529411,69.411766,987.724297,1.75,0.000175,2d403812,,,,,,
﻿2025-04-15 08:43:00,121.677,-98.38647974,28.03141476,13.529411,69.411766,987.724297,1.68,0.000168,2d403812,,,,,,
﻿2025-04-15 08:43:01,121.677,-98.3869358,28.03150558,13.529411,69.411766,987.724297,1.68,0.000168,2d403812,,,,,,
﻿2025-04-15 08:43:02,121.677,-98.38716353,28.03155126,13.529411,69.411766,987.724297,1.68,0.000168,2d403812,,,,,,
﻿2025-04-15 08:43:03,121.54,-98.38738859,28.03159598,13.529411,69.411766,987.675469,1.68,0.000168,2d403812,,,,,,
﻿2025-04-15 08:43:04,121.54,-98.38761817,28.0316415,13.529411,69.607841,987.675469,1.68,0.000168,2d403812,,,,,,
﻿2025-04-15 08:43:05,121.54,-98.38784473,28.03168659,13.529411,69.607841,987.675469,1.68,0.000168,2d403812,,,,,,
﻿2025-04-15 08:43:06,121.677,-98.38807138,28.03173382,13.529411,69.803925,987.675469,1.68,0.000168,2d403812,,,,,,
﻿2025-04-15 08:43:07,121.677,-98.38829559,28.03178541,13.529411,69.803925,987.626641,1.68,0.000168,2d403812,,,,,,
﻿2025-04-15 08:43:08,121.677,-98.3885209,28.03183214,13.529411,70,987.675469,1.68,0.000168,2d403812,,,,,,
﻿2025-04-15 08:43:10,121.54,-98.38897813,28.03192237,13.529411,70.196075,987.675469,1.68,0.000168,2d403812,,,,,,
﻿2025-04-15 08:43:10,121.677,-98.38874922,28.03187732,13.529411,70.196075,987.675469,1.68,0.000168,2d403812,,,,,,
﻿2025-04-15 08:43:11,121.677,-98.38920578,28.03197204,13.529411,70.588234,987.675469,1.68,0.000168,2d403812,,,,,,
﻿2025-04-15 08:43:13,121.815,-98.38965061,28.0320779,13.529411,70.196075,987.626641,1.68,0.000168,2d403812,,,,,,
﻿2025-04-15 08:43:13,121.677,-98.38920578,28.03197204,13.529411,70.392159,987.626641,1.68,0.000168,2d403812,,,,,,
﻿2025-04-15 08:43:15,121.815,-98.39009158,28.0321908,13.529411,70.392159,987.626641,1.68,0.000168,2d403812,,,,,,
﻿2025-04-15 08:43:15,121.815,-98.3898698,28.0321359,13.529411,70.196075,987.626641,1.68,0.000168,2d403812,,,,,,
﻿2025-04-15 08:43:16,121.815,-98.39031471,28.03224872,13.529411,70.392159,987.626641,1.68,0.000168,2d403812,,,,,,
﻿2025-04-15 08:43:17,121.815,-98.39052853,28.03231968,13.529411,70.392159,987.626641,1.68,0.000168,2d403812,,,,,,
﻿2025-04-15 08:43:18,121.677,-98.39074537,28.0323874,13.529411,70.588234,987.675469,1.68,0.000168,2d403812,,,,,,
﻿2025-04-15 08:43:19,121.815,-98.39096171,28.03245425,13.529411,70.392159,987.626641,1.68,0.000168,2d403812,,,,,,
﻿2025-04-15 08:43:20,121.815,-98.39118333,28.03252285,13.529411,70.392159,987.626641,1.68,0.000168,2d403812,,,,,,
﻿2025-04-15 08:43:21,121.677,-98.39140167,28.03259058,13.529411,70.392159,987.675469,1.68,0.000168,2d403812,,,,,,
﻿2025-04-15 08:43:23,121.677,-98.39184147,28.03272666,13.529411,70.392159,987.626641,1.68,0.000168,2d403812,,,,,,
﻿2025-04-15 08:43:23,121.677,-98.39162187,28.03265885,13.529411,70.392159,987.626641,1.68,0.000168,2d403812,,,,,,
﻿2025-04-15 08:43:24,121.677,-98.39206334,28.0327948,13.529411,70.392159,987.577813,1.68,0.000168,2d403812,,,,,,
﻿2025-04-15 08:43:26,121.677,-98.39250456,28.03293021,13.529411,70.196075,987.626641,1.68,0.000168,2d403812,,,,,,
﻿2025-04-15 08:43:26,121.677,-98.39206334,28.0327948,13.529411,70.392159,987.626641,1.68,0.000168,2d403812,,,,,,
﻿2025-04-15 08:43:28,121.677,-98.39294545,28.03306663,13.529411,70.196075,987.626641,1.6,0.00016,2d403812,,,,,,
﻿2025-04-15 08:43:28,121.677,-98.39250456,28.03293021,13.529411,70.196075,987.626641,1.6,0.00016,2d403812,,,,,,
﻿2025-04-15 08:43:29,121.677,-98.39316715,28.03313536,13.529411,70.196075,987.626641,1.6,0.00016,2d403812,,,,,,
﻿2025-04-15 08:43:30,121.677,-98.39339003,28.03320451,13.529411,70.196075,987.626641,1.6,0.00016,2d403812,,,,,,
﻿2025-04-15 08:43:32,121.815,-98.39383083,28.03334218,13.529411,70.392159,987.626641,1.6,0.00016,2d403812,,,,,,
﻿2025-04-15 08:43:32,121.677,-98.39360888,28.0332732,13.529411,70.196075,987.626641,1.6,0.00016,2d403812,,,,,,
﻿2025-04-15 08:43:33,121.815,-98.39405228,28.03341071,13.529411,70.588234,987.626641,1.6,0.00016,2d403812,,,,,,
﻿2025-04-15 08:43:34,121.677,-98.39427264,28.03347789,13.529411,70.784317,987.577813,1.6,0.00016,2d403812,,,,,,
﻿2025-04-15 08:43:36,121.677,-98.39470012,28.03362432,13.529411,71.372551,987.528984,1.6,0.00016,2d403812,,,,,,
﻿2025-04-15 08:43:36,121.677,-98.39448999,28.03354926,13.529411,71.176468,987.528984,1.6,0.00016,2d403812,,,,,,
﻿2025-04-15 08:43:37,121.677,-98.39491637,28.03369644,13.529411,71.568626,987.528984,1.6,0.00016,2d403812,,,,,,
﻿2025-04-15 08:43:39,121.677,-98.39535274,28.03384061,13.529411,71.568626,987.577813,1.6,0.00016,2d403812,,,,,,
﻿2025-04-15 08:43:39,121.54,-98.39513472,28.03376878,13.529411,71.764709,987.577813,1.6,0.00016,2d403812,,,,,,
﻿2025-04-15 08:43:40,121.677,-98.39557477,28.03391333,13.529411,71.568626,987.577813,1.6,0.00016,2d403812,,,,,,
﻿2025-04-15 08:43:41,121.677,-98.39579228,28.0339839,13.529411,71.568626,987.528984,1.6,0.00016,2d403812,,,,,,
﻿2025-04-15 08:43:43,121.677,-98.3962206,28.03414492,13.529411,71.372551,987.528984,1.6,0.00016,2d403812,,,,,,
﻿2025-04-15 08:43:43,121.677,-98.39600334,28.03406651,13.529411,71.568626,987.528984,1.6,0.00016,2d403812,,,,,,
﻿2025-04-15 08:43:44,121.677,-98.39643693,28.03422178,13.529411,71.568626,987.577813,1.6,0.00016,2d403812,,,,,,
﻿2025-04-15 08:43:46,121.815,-98.39709424,28.03445383,13.333333,71.372551,987.528984,1.6,0.00016,2d403812,,,,,,
﻿2025-04-15 08:43:46,121.677,-98.39643693,28.03422178,13.529411,71.372551,987.577813,1.6,0.00016,2d403812,,,,,,
﻿2025-04-15 08:43:47,121.815,-98.39687539,28.0343771,13.529411,71.372551,987.577813,1.6,0.00016,2d403812,,,,,,
﻿2025-04-15 08:43:48,121.677,-98.39730999,28.03452906,13.333333,71.372551,987.528984,1.6,0.00016,2d403812,,,,,,
﻿2025-04-15 08:43:50,121.677,-98.39774619,28.03468258,13.333333,71.568626,987.528984,1.6,0.00016,2d403812,,,,,,
﻿2025-04-15 08:43:50,121.677,-98.39730999,28.03452906,13.333333,71.372551,987.528984,1.6,0.00016,2d403812,,,,,,
﻿2025-04-15 08:43:51,121.677,-98.39796311,28.03475893,13.333333,71.764709,987.528984,1.6,0.00016,2d403812,,,,,,
﻿2025-04-15 08:43:52,121.54,-98.3983957,28.03491123,13.333333,71.960785,987.528984,1.6,0.00016,2d403812,,,,,,
﻿2025-04-15 08:43:53,121.677,-98.39818054,28.03483542,13.333333,71.568626,987.528984,1.6,0.00016,2d403812,,,,,,
﻿2025-04-15 08:43:54,121.54,-98.39861346,28.03498743,13.333333,71.764709,987.528984,1.6,0.00016,2d403812,,,,,,
﻿2025-04-15 08:43:56,121.54,-98.39861346,28.03498743,13.333333,71.764709,987.528984,1.6,0.00016,2d403812,,,,,,
﻿2025-04-15 08:43:57,121.677,-98.39926843,28.03521747,13.333333,71.960785,987.480156,1.6,0.00016,2d403812,,,,,,
﻿2025-04-15 08:43:57,121.677,-98.39883131,28.03506404,13.333333,71.568626,987.528984,1.6,0.00016,2d403812,,,,,,
﻿2025-04-15 08:43:58,121.815,-98.39970185,28.03537115,13.333333,71.764709,987.528984,1.6,0.00016,2d403812,,,,,,
﻿2025-04-15 08:43:59,121.677,-98.39948585,28.03529408,13.333333,71.960785,987.528984,1.6,0.00016,2d403812,,,,,,
﻿2025-04-15 08:44:00,121.815,-98.39992213,28.03544948,13.333333,71.764709,987.528984,1.6,0.00016,2d403812,,,,,,
﻿2025-04-15 08:44:02,121.677,-98.4001383,28.03552592,13.333333,71.960785,987.528984,1.6,0.00016,2d403812,,,,,,
﻿2025-04-15 08:44:03,121.677,-98.4001383,28.03552592,13.333333,71.960785,987.528984,1.6,0.00016,2d403812,,,,,,
﻿2025-04-15 08:44:04,121.815,-98.40037844,28.03560999,13.333333,71.960785,987.431328,1.6,0.00016,2d403812,,,,,,
﻿2025-04-15 08:44:05,121.677,-98.40059419,28.03568543,13.333333,72.15686,987.431328,1.6,0.00016,2d403812,,,,,,
﻿2025-04-15 08:44:06,121.677,-98.40080977,28.03576061,13.333333,72.15686,987.480156,1.6,0.00016,2d403812,,,,,,
﻿2025-04-15 08:44:07,121.677,-98.40102762,28.03583735,13.333333,72.352943,987.480156,1.6,0.00016,2d403812,,,,,,
﻿2025-04-15 08:44:08,121.677,-98.40124496,28.03591384,13.333333,72.352943,987.480156,1.6,0.00016,2d403812,,,,,,
﻿2025-04-15 08:44:09,121.677,-98.4014613,28.03599061,13.333333,72.352943,987.431328,1.53,0.000153,2d403812,,,,,,
﻿2025-04-15 08:44:10,121.677,-98.40167646,28.03606622,13.333333,72.549019,987.431328,1.53,0.000153,2d403812,,,,,,
﻿2025-04-15 08:44:11,121.677,-98.40189456,28.03614191,13.333333,72.549019,987.480156,1.53,0.000153,2d403812,,,,,,
﻿2025-04-15 08:44:12,121.677,-98.40211551,28.03621919,13.333333,72.549019,987.480156,1.53,0.000153,2d403812,,,,,,
﻿2025-04-15 08:44:13,121.677,-98.40233377,28.03629605,13.333333,72.549019,987.480156,1.53,0.000153,2d403812,,,,,,
﻿2025-04-15 08:44:14,121.677,-98.40255162,28.036373,13.333333,72.549019,987.480156,1.53,0.000153,2d403812,,,,,,
﻿2025-04-15 08:44:15,121.677,-98.40276988,28.03645011,13.333333,72.549019,987.480156,1.53,0.000153,2d403812,,,,,,
﻿2025-04-15 08:44:16,121.815,-98.40298731,28.03652643,13.333333,72.549019,987.480156,1.53,0.000153,2d403812,,,,,,
﻿2025-04-15 08:44:17,121.677,-98.40320608,28.0366035,13.333333,72.549019,987.480156,1.53,0.000153,2d403812,,,,,,
﻿2025-04-15 08:44:18,121.677,-98.40342367,28.03668007,13.333333,72.549019,987.528984,1.53,0.000153,2d403812,,,,,,
﻿2025-04-15 08:44:19,121.677,-98.40364344,28.03675814,13.333333,72.549019,987.528984,1.53,0.000153,2d403812,,,,,,
﻿2025-04-15 08:44:20,121.677,-98.40386162,28.03683543,13.333333,72.549019,987.480156,1.53,0.000153,2d403812,,,,,,
﻿2025-04-15 08:44:21,121.815,-98.40407754,28.03691149,13.137255,72.549019,987.480156,1.53,0.000153,2d403812,,,,,,
﻿2025-04-15 08:44:22,121.677,-98.40429732,28.03698827,13.137255,72.549019,987.528984,1.53,0.000153,2d403812,,,,,,
﻿2025-04-15 08:44:23,121.677,-98.40451525,28.03706526,13.137255,72.549019,987.528984,1.53,0.000153,2d403812,,,,,,
﻿2025-04-15 08:44:24,121.677,-98.40473334,28.03714254,13.137255,72.549019,987.528984,1.53,0.000153,2d403812,,,,,,
﻿2025-04-15 08:44:25,121.677,-98.40495069,28.03721969,13.137255,72.549019,987.528984,1.53,0.000153,2d403812,,,,,,
﻿2025-04-15 08:44:26,121.677,-98.40516853,28.03729723,13.137255,72.352943,987.528984,1.53,0.000153,2d403812,,,,,,
﻿2025-04-15 08:44:27,121.815,-98.40538554,28.03737434,13.137255,72.352943,987.528984,1.53,0.000153,2d403812,,,,,,
﻿2025-04-15 08:44:28,121.815,-98.40560364,28.03745212,13.137255,72.352943,987.528984,1.53,0.000153,2d403812,,,,,,
﻿2025-04-15 08:44:29,121.677,-98.40582299,28.03752995,13.137255,72.352943,987.528984,1.53,0.000153,2d403812,,,,,,
﻿2025-04-15 08:44:30,121.677,-98.40604058,28.03760702,13.137255,72.352943,987.528984,1.53,0.000153,2d403812,,,,,,
﻿2025-04-15 08:44:31,121.952,-98.40625189,28.03768254,13.137255,72.15686,987.675469,1.53,0.000153,2d403812,,,,,,
﻿2025-04-15 08:44:32,121.952,-98.40641366,28.03774013,13.137255,72.15686,987.919688,1.45,0.000145,2d403812,,,,,,
﻿2025-04-15 08:44:33,121.677,-98.40651408,28.03777667,13.137255,71.960785,988.115,1.45,0.000145,2d403812,,,,,,
﻿2025-04-15 08:44:34,121.677,-98.40655859,28.03779318,13.137255,72.15686,988.359141,1.45,0.000145,2d403812,,,,,,
﻿2025-04-15 08:44:35,121.677,-98.40657401,28.03780018,13.333333,71.568626,988.505703,1.45,0.000145,2d403812,,,,,,
﻿2025-04-15 08:44:36,121.815,-98.40657954,28.03780383,13.333333,71.568626,988.603359,1.45,0.000145,2d403812,,,,,,
﻿2025-04-15 08:44:37,121.815,-98.40658172,28.03780584,13.333333,71.372551,988.652187,1.45,0.000145,2d403812,,,,,,
﻿2025-04-15 08:44:38,121.815,-98.40658256,28.03780639,13.333333,71.372551,988.652187,1.45,0.000145,2d403812,,,,,,
﻿2025-04-15 08:44:39,121.815,-98.40658365,28.03780626,13.333333,71.176468,988.652187,1.45,0.000145,2d403812,,,,,,
﻿2025-04-15 08:44:40,121.815,-98.40658457,28.03780613,13.333333,71.176468,988.652187,1.45,0.000145,2d403812,,,,,,
﻿2025-04-15 08:44:41,121.815,-98.40658482,28.03780601,13.333333,70.980392,988.701016,1.45,0.000145,2d403812,,,,,,
﻿2025-04-15 08:44:42,121.677,-98.40658499,28.03780592,13.333333,70.980392,988.652187,1.45,0.000145,2d403812,,,,,,
﻿2025-04-15 08:44:43,121.677,-98.40658524,28.03780597,13.333333,70.980392,988.652187,1.45,0.000145,2d403812,,,,,,
﻿2025-04-15 08:44:44,121.677,-98.40658574,28.03780597,13.333333,70.980392,988.652187,1.45,0.000145,2d403812,,,,,,
﻿2025-04-15 08:44:45,121.677,-98.40658599,28.03780584,13.333333,70.980392,988.652187,1.45,0.000145,2d403812,,,,,,
﻿2025-04-15 08:44:46,121.815,-98.40658599,28.03780584,13.333333,71.176468,988.652187,1.45,0.000145,2d403812,,,,,,
﻿2025-04-15 08:44:47,121.815,-98.40658616,28.03780555,13.333333,71.176468,988.652187,1.37,0.000137,2d403812,,,,,,
﻿2025-04-15 08:44:48,121.815,-98.40658608,28.03780546,13.333333,71.176468,988.652187,1.37,0.000137,2d403812,,,,,,
﻿2025-04-15 08:44:49,121.677,-98.40658616,28.03780563,13.333333,71.176468,988.603359,1.37,0.000137,2d403812,,,,,,
﻿2025-04-15 08:44:50,121.677,-98.40658532,28.03780777,13.333333,71.372551,988.652187,1.37,0.000137,2d403812,,,,,,
﻿2025-04-15 08:44:51,121.677,-98.40656848,28.03782445,13.333333,71.372551,988.749844,1.37,0.000137,2d403812,,,,,,
﻿2025-04-15 08:44:52,121.54,-98.40652917,28.037855,13.333333,71.568626,988.945156,1.37,0.000137,2d403812,,,,,,
﻿2025-04-15 08:44:53,121.54,-98.40647016,28.0378985,13.333333,71.372551,989.140547,1.37,0.000137,2d403812,,,,,,
﻿2025-04-15 08:44:54,121.677,-98.40639564,28.03795303,13.333333,71.568626,989.335859,1.37,0.000137,2d403812,,,,,,
﻿2025-04-15 08:44:55,121.815,-98.40631216,28.03801245,13.333333,71.568626,988.8475,1.37,0.000137,2d403812,,,,,,
﻿2025-04-15 08:44:56,121.952,-98.40625759,28.03805068,13.333333,71.764709,988.554531,1.37,0.000137,2d403812,,,,,,
﻿2025-04-15 08:44:57,119.48,-98.40623303,28.03806736,13.333333,71.764709,988.603359,1.37,0.000137,2d403812,,,,,,
﻿2025-04-15 08:44:58,115.223,-98.40622582,28.03807465,13.333333,71.764709,988.8475,1.37,0.000137,2d403812,,,,,,
﻿2025-04-15 08:44:59,111.103,-98.40622717,28.03808228,13.333333,71.764709,989.287031,1.37,0.000137,2d403812,,,,,,
﻿2025-04-15 08:45:00,107.12,-98.40622876,28.03808454,13.333333,71.764709,989.58,1.37,0.000137,2d403812,,,,,,
﻿2025-04-15 08:45:01,103.137,-98.40622867,28.03808429,13.333333,71.764709,990.263672,1.37,0.000137,2d403812,,,,,,
﻿2025-04-15 08:45:02,99.1546,-98.40622825,28.03808362,13.333333,71.764709,990.605547,1.37,0.000137,2d403812,,,,,,
﻿2025-04-15 08:45:03,95.172,-98.40622784,28.03808286,13.333333,71.764709,991.142734,1.37,0.000137,2d403812,,,,,,
﻿2025-04-15 08:45:04,91.1893,-98.40622733,28.0380829,13.333333,71.372551,991.484531,1.37,0.000137,2d403812,,,,,,
﻿2025-04-15 08:45:05,87.344,-98.40622784,28.0380829,13.333333,71.764709,991.972891,1.37,0.000137,2d403812,,,,,,
﻿2025-04-15 08:45:06,83.3613,-98.40622608,28.0380842,13.529411,71.764709,992.265937,1.37,0.000137,2d403812,,,,,,
﻿2025-04-15 08:45:07,79.2413,-98.40621442,28.03809145,13.529411,71.764709,992.705391,1.37,0.000137,2d403812,,,,,,
﻿2025-04-15 08:45:08,75.2586,-98.40619397,28.03810466,13.529411,71.960785,993.291406,1.37,0.000137,2d403812,,,,,,
﻿2025-04-15 08:45:09,71.276,-98.40616916,28.03812033,13.529411,71.568626,993.584453,1.37,0.000137,2d403812,,,,,,
﻿2025-04-15 08:45:10,67.4306,-98.40614963,28.0381368,13.529411,71.960785,994.170469,1.37,0.000137,2d403812,,,,,,
﻿2025-04-15 08:45:11,63.448,-98.4061384,28.03815306,13.529411,71.960785,994.512266,1.37,0.000137,2d403812,,,,,,
﻿2025-04-15 08:45:12,59.4653,-98.40613455,28.03815884,13.529411,71.960785,995.147109,1.37,0.000137,2d403812,,,,,,
﻿2025-04-15 08:45:13,55.3453,-98.40613815,28.03816702,13.529411,71.960785,995.537812,1.37,0.000137,2d403812,,,,,,
﻿2025-04-15 08:45:14,51.3627,-98.40614226,28.03817309,13.529411,72.15686,996.074922,1.37,0.000137,2d403812,,,,,,
﻿2025-04-15 08:45:15,47.2427,-98.40614477,28.03817569,13.529411,72.15686,996.514453,1.37,0.000137,2d403812,,,,,,
﻿2025-04-15 08:45:16,43.26,-98.40614879,28.0381803,13.529411,72.15686,997.100469,1.37,0.000137,2d403812,,,,,,
﻿2025-04-15 08:45:17,39.14,-98.40615072,28.03818407,13.529411,72.15686,997.588828,1.37,0.000137,2d403812,,,,,,
﻿2025-04-15 08:45:18,35.1573,-98.4061503,28.03818286,13.529411,72.15686,998.028359,1.37,0.000137,2d403812,,,,,,
﻿2025-04-15 08:45:19,31.312,-98.40615039,28.03818173,13.529411,72.352943,998.614297,1.37,0.000137,2d403812,,,,,,
﻿2025-04-15 08:45:20,27.3293,-98.40616195,28.03817234,13.529411,72.352943,999.005,1.37,0.000137,2d403812,,,,,,
﻿2025-04-15 08:45:21,24.308,-98.40617687,28.03816291,13.529411,72.352943,999.444531,1.37,0.000137,2d403812,,,,,,
﻿2025-04-15 08:45:22,21.424,-98.40618433,28.03815843,13.529411,72.352943,999.786328,1.37,0.000137,2d403812,,,,,,
﻿2025-04-15 08:45:23,18.54,-98.40618811,28.03815671,13.529411,72.352943,1000.030547,1.37,0.000137,2d403812,,,,,,
﻿2025-04-15 08:45:24,15.5187,-98.40618827,28.03815658,13.529411,72.352943,1000.47,1.37,0.000137,2d403812,,,,,,
﻿2025-04-15 08:45:25,12.4973,-98.40618894,28.0381588,13.529411,72.352943,1000.763047,1.37,0.000137,2d403812,,,,,,
﻿2025-04-15 08:45:26,9.476,-98.40618878,28.0381596,13.529411,72.352943,1001.153672,1.37,0.000137,2d403812,,,,,,
﻿2025-04-15 08:45:27,6.86666,-98.40618869,28.03815905,13.529411,72.352943,1001.397891,1.37,0.000137,2d403812,,,,,,
﻿2025-04-15 08:45:28,5.49333,-98.4061897,28.03815813,13.529411,72.15686,1001.739687,1.37,0.000137,2d403812,,,,,,
﻿2025-04-15 08:45:29,3.98267,-98.40619062,28.03815914,13.529411,72.549019,1001.983906,1.37,0.000137,2d403812,,,,,,
﻿2025-04-15 08:45:30,2.74667,-98.40619087,28.03815998,13.529411,72.549019,1002.081563,1.37,0.000137,2d403812,,,,,,
﻿2025-04-15 08:45:31,2.19733,-98.40619129,28.03816031,13.529411,72.549019,1002.228047,1.37,0.000137,2d403812,,,,,,
﻿2025-04-15 08:45:32,1.92267,-98.40619297,28.03815956,13.529411,72.549019,1002.325703,1.37,0.000137,2d403812,,,,,,
﻿2025-04-15 08:45:33,1.78533,-98.40619322,28.03815977,13.529411,72.745094,1002.325703,1.37,0.000137,2d403812,,,,,,
﻿2025-04-15 08:45:34,1.648,-98.40619456,28.03816044,13.529411,72.745094,1002.374531,1.37,0.000137,2d403812,,,,,,
﻿2025-04-15 08:45:35,1.648,-98.40619489,28.03816102,13.529411,72.745094,1002.374531,1.37,0.000137,2d403812,,,,,,
﻿2025-04-15 08:45:36,1.648,-98.40619573,28.03816178,13.529411,72.745094,1002.374531,1.37,0.000137,2d403812,,,,,,
﻿2025-04-15 08:45:37,1.648,-98.40619565,28.03816186,13.529411,72.941177,1002.374531,1.37,0.000137,2d403812,,,,,,
﻿2025-04-15 08:45:38,1.648,-98.40619557,28.03816161,13.529411,72.941177,1002.423359,1.37,0.000137,2d403812,,,,,,
﻿2025-04-15 08:45:39,1.37333,-98.40619548,28.03816182,13.725491,72.941177,1002.423359,1.37,0.000137,2d403812,,,,,,
﻿2025-04-15 08:45:40,0.961333,-98.40619557,28.0381622,13.725491,73.137253,1002.423359,1.37,0.000137,2d403812,,,,,,
﻿2025-04-15 08:45:41,0.961333,-98.40619515,28.03816186,13.725491,73.137253,1002.423359,1.3,0.00013,2d403812,,,,,,
﻿2025-04-15 08:45:42,1.09867,-98.40619523,28.03816178,13.725491,73.333336,1002.472188,1.3,0.00013,2d403812,,,,,,
﻿2025-04-15 08:45:43,1.09867,-98.40619515,28.03816178,13.725491,72.941177,1002.472188,1.3,0.00013,2d403812,,,,,,
﻿2025-04-15 08:45:44,0,-98.40619498,28.03816178,13.725491,73.333336,1002.472188,1.3,0.00013,2d403812,,,,,,
﻿2025-04-15 08:45:45,0,-98.40619506,28.03816178,13.725491,73.333336,1002.472188,1.3,0.00013,2d403812,,,,,,
﻿2025-04-15 08:45:46,0,-98.40619506,28.03816161,13.725491,73.529411,1002.472188,1.3,0.00013,2d403812,,,,,,
﻿2025-04-15 08:45:47,0,-98.4061954,28.03816182,13.725491,73.333336,1002.472188,1.3,0.00013,2d403812,,,,,,
﻿2025-04-15 08:45:48,0,-98.40619548,28.03816148,13.725491,73.529411,1002.472188,1.3,0.00013,2d403812,,,,,,
﻿2025-04-15 08:45:49,0,-98.40619758,28.03815847,13.725491,73.529411,1002.472188,1.3,0.00013,2d403812,,,,,,
﻿2025-04-15 08:45:50,0,-98.40619808,28.03815851,13.725491,73.333336,1002.472188,1.3,0.00013,2d403812,,,,,,
﻿2025-04-15 08:45:51,0,-98.40619774,28.03815838,13.725491,73.333336,1002.472188,1.3,0.00013,2d403812,,,,,,
﻿2025-04-15 08:45:52,0,-98.40619774,28.03815838,13.725491,73.333336,1002.472188,1.3,0.00013,2d403812,,,,,,
﻿2025-04-15 08:45:53,0,-98.40619774,28.03815838,13.725491,73.333336,1002.472188,1.3,0.00013,2d403812,,,,,,
﻿2025-04-15 08:45:54,0,-98.40619774,28.03815838,13.725491,73.333336,1002.472188,0,,2d403812,,,,,,
﻿2025-04-15 08:45:55,0,-98.40619774,28.03815838,13.725491,73.333336,1002.472188,0,,2d403812,,,,,,
